scenario,region,year,median,upper,lower
hist-nat,Sub-Saharan Africa (Central),1901,-0.0859005957309602,0.1385397510987374,-0.27522367403576775
hist-nat,Sub-Saharan Africa (Central),1902,-0.04341967736034391,0.09616116676351356,-0.21336985815299914
hist-nat,Sub-Saharan Africa (Central),1903,-0.011754903902655656,0.1389197918309221,-0.2566449482207609
hist-nat,Sub-Saharan Africa (Central),1904,-0.018733151037711337,0.11254245056626677,-0.127934623871732
hist-nat,Sub-Saharan Africa (Central),1905,-0.03720394130450799,0.14902106018671896,-0.26489888078843893
hist-nat,Sub-Saharan Africa (Central),1906,-0.025719548745190224,0.15460323865350442,-0.19789584717889355
hist-nat,Sub-Saharan Africa (Central),1907,-2.0092427593709772e-5,0.3084465306731998,-0.16175015227390474
hist-nat,Sub-Saharan Africa (Central),1908,0.024256678811585886,0.2421559651598904,-0.1590143246634298
hist-nat,Sub-Saharan Africa (Central),1909,0.0037287290329004463,0.18109419466788057,-0.15191363565745988
hist-nat,Sub-Saharan Africa (Central),1910,0.022611154580932435,0.1635172465490223,-0.11124461193299204
hist-nat,Sub-Saharan Africa (Central),1911,0.011928782422863549,0.22266099929282418,-0.16092875372550264
hist-nat,Sub-Saharan Africa (Central),1912,0.06286630012757755,0.2538858409555843,-0.10472166126021741
hist-nat,Sub-Saharan Africa (Central),1913,-0.007793492770527877,0.10108469371841618,-0.15779849427220397
hist-nat,Sub-Saharan Africa (Central),1914,0.02537578714214206,0.2801326991340788,-0.11085689837024315
hist-nat,Sub-Saharan Africa (Central),1915,0.0474507985308712,0.20546049606722777,-0.10857885030096986
hist-nat,Sub-Saharan Africa (Central),1916,-0.010568558059873112,0.11254857906222765,-0.2587422381562604
hist-nat,Sub-Saharan Africa (Central),1917,0.04762581754349782,0.296578879070016,-0.10448209518725875
hist-nat,Sub-Saharan Africa (Central),1918,0.005273609876535801,0.20235769345924676,-0.19860784715241986
hist-nat,Sub-Saharan Africa (Central),1919,0.01452575747720175,0.1222857054216369,-0.13292441322463872
hist-nat,Sub-Saharan Africa (Central),1920,-0.0024383613761038703,0.13289007869965339,-0.20167961805561704
hist-nat,Sub-Saharan Africa (Central),1921,0.04275376689684762,0.26636676586232677,-0.14439181865197276
hist-nat,Sub-Saharan Africa (Central),1922,-0.015613049899503295,0.1538944626135812,-0.20535049405622097
hist-nat,Sub-Saharan Africa (Central),1923,-0.02157633186420327,0.1876100555626907,-0.1839129975888966
hist-nat,Sub-Saharan Africa (Central),1924,0.033752269613515296,0.2709161504227261,-0.17562297042014877
hist-nat,Sub-Saharan Africa (Central),1925,-0.0433808837759635,0.09622522641191879,-0.19999719825905943
hist-nat,Sub-Saharan Africa (Central),1926,-0.026549759784352034,0.1758648169460576,-0.16151689612470896
hist-nat,Sub-Saharan Africa (Central),1927,-0.04528756719744109,0.1310288024287551,-0.16129063572775024
hist-nat,Sub-Saharan Africa (Central),1928,0.03108900515126578,0.25532894700561903,-0.09807634538183016
hist-nat,Sub-Saharan Africa (Central),1929,0.005097444640574267,0.12506474484051852,-0.19154667199013123
hist-nat,Sub-Saharan Africa (Central),1930,-0.032353211726430686,0.14129188945849158,-0.17396812614109966
hist-nat,Sub-Saharan Africa (Central),1931,0.04433089931550782,0.20727198271148511,-0.14282616088783015
hist-nat,Sub-Saharan Africa (Central),1932,0.020352614198937857,0.11227669343278773,-0.1775634511422609
hist-nat,Sub-Saharan Africa (Central),1933,-0.0017371309214837538,0.18187909680769324,-0.10999551454759383
hist-nat,Sub-Saharan Africa (Central),1934,0.01082193994944447,0.13700859919652678,-0.12274675153634752
hist-nat,Sub-Saharan Africa (Central),1935,-0.051058574093961084,0.1007576636277799,-0.19107462279360554
hist-nat,Sub-Saharan Africa (Central),1936,-0.006061928794011351,0.2115704164931848,-0.12311783941098256
hist-nat,Sub-Saharan Africa (Central),1937,-0.01679605496994796,0.13002175743317484,-0.13461189721268968
hist-nat,Sub-Saharan Africa (Central),1938,0.013325214978785027,0.2715911273219891,-0.11049117463931105
hist-nat,Sub-Saharan Africa (Central),1939,0.02714962243165786,0.12556616766854276,-0.11655107280844738
hist-nat,Sub-Saharan Africa (Central),1940,0.01422305512811306,0.15780890446247076,-0.1349939041272208
hist-nat,Sub-Saharan Africa (Central),1941,0.0015107357162449375,0.21609588395051813,-0.1494732585178614
hist-nat,Sub-Saharan Africa (Central),1942,0.049320987739193356,0.1833293847780371,-0.06667522831195
hist-nat,Sub-Saharan Africa (Central),1943,0.021347175563100507,0.1649335192907088,-0.08551146841088447
hist-nat,Sub-Saharan Africa (Central),1944,-0.0349273118142186,0.22657166094931028,-0.17074079513605084
hist-nat,Sub-Saharan Africa (Central),1945,0.05662535021657433,0.20597744994353273,-0.14947821484150728
hist-nat,Sub-Saharan Africa (Central),1946,-0.020360599278852476,0.14596583134535232,-0.2633187131627963
hist-nat,Sub-Saharan Africa (Central),1947,0.07803462479503054,0.32121528523104026,-0.15943255677366536
hist-nat,Sub-Saharan Africa (Central),1948,0.02797461477469554,0.1906319090880785,-0.11161278195885238
hist-nat,Sub-Saharan Africa (Central),1949,-0.0019030372895372238,0.2075604984451898,-0.13618787417522923
hist-nat,Sub-Saharan Africa (Central),1950,0.012703581141302323,0.1948102858628521,-0.17559631985514024
hist-nat,Sub-Saharan Africa (Central),1951,0.015286050391395634,0.2182776463666099,-0.11772824766029295
hist-nat,Sub-Saharan Africa (Central),1952,-0.021062329303983773,0.1315481896456646,-0.17263442492698075
hist-nat,Sub-Saharan Africa (Central),1953,0.01869225012289988,0.29558926701559796,-0.1841650124607707
hist-nat,Sub-Saharan Africa (Central),1954,-0.001602544202167877,0.12127392848932667,-0.17581503961550204
hist-nat,Sub-Saharan Africa (Central),1955,0.03011332913430209,0.20233741990600113,-0.2926524746663595
hist-nat,Sub-Saharan Africa (Central),1956,-0.030652246577583142,0.13767659772489638,-0.2120968732467503
hist-nat,Sub-Saharan Africa (Central),1957,0.03151557770708635,0.1410675330144322,-0.20195682477836668
hist-nat,Sub-Saharan Africa (Central),1958,0.045504145150292885,0.2446199749190635,-0.2108452667743883
hist-nat,Sub-Saharan Africa (Central),1959,0.0284365355537588,0.14280763062865914,-0.0920626700794731
hist-nat,Sub-Saharan Africa (Central),1960,0.03609024802153016,0.2330061768797542,-0.11802702432120676
hist-nat,Sub-Saharan Africa (Central),1961,0.04970141621049606,0.2272794255187442,-0.06491699333457994
hist-nat,Sub-Saharan Africa (Central),1962,0.006359786004743739,0.3069760059782132,-0.14373711479644521
hist-nat,Sub-Saharan Africa (Central),1963,-0.1214616410571221,-0.013897376815809298,-0.36680277992302235
hist-nat,Sub-Saharan Africa (Central),1964,-0.049687764532908574,0.08426000138548202,-0.23113257701904324
hist-nat,Sub-Saharan Africa (Central),1965,0.010352462080216895,0.20763405785121875,-0.1702779320675816
hist-nat,Sub-Saharan Africa (Central),1966,0.016524583859670372,0.2200018831647197,-0.19670108025060953
hist-nat,Sub-Saharan Africa (Central),1967,0.017256271137888746,0.13254999777374218,-0.18929351878474954
hist-nat,Sub-Saharan Africa (Central),1968,-0.034989348798838193,0.08256993609719206,-0.2850645043962743
hist-nat,Sub-Saharan Africa (Central),1969,0.03150256077479341,0.27795633968599875,-0.2126940917729982
hist-nat,Sub-Saharan Africa (Central),1970,-0.008661167925655633,0.10761928620534034,-0.16971597271780006
hist-nat,Sub-Saharan Africa (Central),1971,0.014706946129081189,0.16390856748320295,-0.12052717338764438
hist-nat,Sub-Saharan Africa (Central),1972,0.039846028599104244,0.26814277823614313,-0.14707868573187602
hist-nat,Sub-Saharan Africa (Central),1973,-0.004086022896430563,0.1727503015672851,-0.18078083761245622
hist-nat,Sub-Saharan Africa (Central),1974,0.003305892547448508,0.19888231463074527,-0.1881535910453028
hist-nat,Sub-Saharan Africa (Central),1975,-0.06618198721215407,0.07102349564764762,-0.2353105098918615
hist-nat,Sub-Saharan Africa (Central),1976,-0.014257009544484944,0.16013011295117072,-0.18535034697908653
hist-nat,Sub-Saharan Africa (Central),1977,-0.011735421814975666,0.1961293035765873,-0.19935627644882986
hist-nat,Sub-Saharan Africa (Central),1978,-0.041995815124856506,0.13570636212361134,-0.22448532014286826
hist-nat,Sub-Saharan Africa (Central),1979,-0.007348915692098501,0.16264248903637413,-0.1813303180753589
hist-nat,Sub-Saharan Africa (Central),1980,0.05347118917723037,0.19198846278532425,-0.07072927778117517
hist-nat,Sub-Saharan Africa (Central),1981,0.018384999544718283,0.1380773546263825,-0.154463706772756
hist-nat,Sub-Saharan Africa (Central),1982,-0.018199355463195843,0.1954430415302005,-0.16564241011316233
hist-nat,Sub-Saharan Africa (Central),1983,-0.012601994866162869,0.23688420454940398,-0.2704732423287748
hist-nat,Sub-Saharan Africa (Central),1984,-0.012941162426820085,0.12509382442956235,-0.2625483871487713
hist-nat,Sub-Saharan Africa (Central),1985,-0.012730756724547376,0.15825760372622902,-0.1659748365470044
hist-nat,Sub-Saharan Africa (Central),1986,-0.06933493086917153,0.09062541371459745,-0.2548410301777146
hist-nat,Sub-Saharan Africa (Central),1987,0.01390013318231631,0.12630806586881907,-0.11063498481383185
hist-nat,Sub-Saharan Africa (Central),1988,0.017868137786317462,0.28136344061589846,-0.15689180696111685
hist-nat,Sub-Saharan Africa (Central),1989,5.890001230106634e-4,0.21338406505084784,-0.1560502384689876
hist-nat,Sub-Saharan Africa (Central),1990,-0.003962632172230585,0.11805457418839785,-0.17649176703272396
hist-nat,Sub-Saharan Africa (Central),1991,-0.06078745410603048,0.15732203641418707,-0.3688125238211704
hist-nat,Sub-Saharan Africa (Central),1992,-0.10556346236592873,0.0847117522328061,-0.3021212110396519
hist-nat,Sub-Saharan Africa (Central),1993,-0.08074182973340527,0.17073204036260592,-0.33263467677519853
hist-nat,Sub-Saharan Africa (Central),1994,-0.011127747314162661,0.11980465465627077,-0.10116488077050398
hist-nat,Sub-Saharan Africa (Central),1995,0.0020714260107048688,0.1882822753616384,-0.11193387658277344
hist-nat,Sub-Saharan Africa (Central),1996,-0.0021982090890269035,0.20906983198333176,-0.18804748861832646
hist-nat,Sub-Saharan Africa (Central),1997,0.010374324848577032,0.20396135178436514,-0.15106035384891178
hist-nat,Sub-Saharan Africa (Central),1998,0.048013154404188185,0.35439060147272183,-0.17597825273336093
hist-nat,Sub-Saharan Africa (Central),1999,-0.015445404433322096,0.14441374460006315,-0.1278041654660253
hist-nat,Sub-Saharan Africa (Central),2000,-0.04590135558458286,0.11088576983197734,-0.24469736558466693
hist-nat,Sub-Saharan Africa (Central),2001,-0.011211655416264676,0.2885052482192853,-0.2991194255450539
hist-nat,Sub-Saharan Africa (Central),2002,0.019826314817091628,0.2060844070516156,-0.16601466535621015
hist-nat,Sub-Saharan Africa (Central),2003,-0.02024770751510374,0.16913181964316024,-0.19626293417144006
hist-nat,Sub-Saharan Africa (Central),2004,-0.01330227520427485,0.16245209171554678,-0.1678124917554431
hist-nat,Sub-Saharan Africa (Central),2005,-0.036609479605068884,0.08128865428018801,-0.20653273922358012
hist-nat,Sub-Saharan Africa (Central),2006,-0.02005600711109068,0.1732404426764478,-0.2292322487843002
hist-nat,Sub-Saharan Africa (Central),2007,0.026164139057890168,0.15836956111312178,-0.13983554494617786
hist-nat,Sub-Saharan Africa (Central),2008,-0.016400301521635186,0.11505371297710665,-0.14345208973420256
hist-nat,Sub-Saharan Africa (Central),2009,0.02770975071008408,0.19125423551872944,-0.13756507683622343
hist-nat,Sub-Saharan Africa (Central),2010,0.031796059960448986,0.2689586395039272,-0.08465216640176934
hist-nat,Sub-Saharan Africa (Central),2011,-0.003362303478485984,0.10673583466721892,-0.1185299389473293
hist-nat,Sub-Saharan Africa (Central),2012,0.02973101406126233,0.28672626782715105,-0.11464319611646977
hist-nat,Sub-Saharan Africa (Central),2013,-0.03675399924195233,0.0835940956203645,-0.16586170310835832
hist-nat,Sub-Saharan Africa (Central),2014,0.010279430656863653,0.21220375273850003,-0.15241515165906952
hist-nat,Sub-Saharan Africa (East),1901,-0.15480006131677015,0.08134478008763746,-0.5005881726041007
hist-nat,Sub-Saharan Africa (East),1902,-0.020334175280805056,0.31880423385092627,-0.23362481999144577
hist-nat,Sub-Saharan Africa (East),1903,-0.08133625789115939,0.07193862810304592,-0.4877666594346014
hist-nat,Sub-Saharan Africa (East),1904,0.05268603677123451,0.2147579269646076,-0.18803073488190947
hist-nat,Sub-Saharan Africa (East),1905,-0.061644912878623614,0.2777862777188347,-0.23615632208305043
hist-nat,Sub-Saharan Africa (East),1906,0.014757980674190208,0.18716026104351358,-0.23668837249684882
hist-nat,Sub-Saharan Africa (East),1907,-0.006475704953171402,0.4194692733098768,-0.15942678129045262
hist-nat,Sub-Saharan Africa (East),1908,0.027386868033428158,0.3692924331795915,-0.19782338753238093
hist-nat,Sub-Saharan Africa (East),1909,-0.0754289872429581,0.08383295241098096,-0.21741280367802565
hist-nat,Sub-Saharan Africa (East),1910,0.013236272343217337,0.17584495612220966,-0.2977440454288889
hist-nat,Sub-Saharan Africa (East),1911,0.13388988430685345,0.3649810835825956,-0.15841849827201102
hist-nat,Sub-Saharan Africa (East),1912,0.08028248091976664,0.3151968600668638,-0.15307115748808645
hist-nat,Sub-Saharan Africa (East),1913,-0.033213208777368664,0.11139860173369162,-0.1862707615647153
hist-nat,Sub-Saharan Africa (East),1914,2.753709578051655e-4,0.2457956067300819,-0.344884840071456
hist-nat,Sub-Saharan Africa (East),1915,0.02651500012125041,0.25527947068325807,-0.21475210755309745
hist-nat,Sub-Saharan Africa (East),1916,-0.008224372631538301,0.14370565120788184,-0.21858000843527706
hist-nat,Sub-Saharan Africa (East),1917,0.08477810645176831,0.26145449162133005,-0.13063020316951252
hist-nat,Sub-Saharan Africa (East),1918,0.05886351608194573,0.18196376437136796,-0.3019469815550234
hist-nat,Sub-Saharan Africa (East),1919,0.01815580300210584,0.20607549366129657,-0.1702769054232899
hist-nat,Sub-Saharan Africa (East),1920,-0.0058034753661697636,0.18131597864051016,-0.20651152265685918
hist-nat,Sub-Saharan Africa (East),1921,-0.010889673837336744,0.35855149790758706,-0.25945091242839985
hist-nat,Sub-Saharan Africa (East),1922,0.127218658262354,0.44215389560127116,-0.13631171104307355
hist-nat,Sub-Saharan Africa (East),1923,-0.011249694267725374,0.1973301778140129,-0.315938429404536
hist-nat,Sub-Saharan Africa (East),1924,0.03636452406252744,0.20043554784091233,-0.18248051933263412
hist-nat,Sub-Saharan Africa (East),1925,-0.017192656046859156,0.13086495005175602,-0.18741049397454218
hist-nat,Sub-Saharan Africa (East),1926,-0.026882250616456105,0.1268180609192948,-0.2169485082408883
hist-nat,Sub-Saharan Africa (East),1927,0.0032493058476568137,0.21361322493787285,-0.2116544974123844
hist-nat,Sub-Saharan Africa (East),1928,0.00933545892864629,0.22869531202432386,-0.31313309370385484
hist-nat,Sub-Saharan Africa (East),1929,-0.03413351035086265,0.23934385106573497,-0.2130192293604079
hist-nat,Sub-Saharan Africa (East),1930,-0.030650454957346085,0.18574966174918042,-0.3081478873999501
hist-nat,Sub-Saharan Africa (East),1931,0.07526982306931984,0.4145069122216315,-0.18950482376993313
hist-nat,Sub-Saharan Africa (East),1932,0.020075938832803786,0.17541943695607287,-0.20091607430334904
hist-nat,Sub-Saharan Africa (East),1933,0.05588392483862137,0.2577461715533035,-0.16198974219856518
hist-nat,Sub-Saharan Africa (East),1934,0.036006581425688466,0.1982590478279369,-0.1358188432169758
hist-nat,Sub-Saharan Africa (East),1935,-0.025242257761359355,0.2956526459397651,-0.2093175752937224
hist-nat,Sub-Saharan Africa (East),1936,0.14911896956742154,0.3726825636169295,-0.3212102683251622
hist-nat,Sub-Saharan Africa (East),1937,0.03322216009367196,0.37726765262985007,-0.22024278289036908
hist-nat,Sub-Saharan Africa (East),1938,0.0383189704662108,0.26582405908477424,-0.15053618352246118
hist-nat,Sub-Saharan Africa (East),1939,0.05899209615983381,0.3804294578168756,-0.14077482123011717
hist-nat,Sub-Saharan Africa (East),1940,-0.0026659015470542613,0.22182324532080083,-0.15659452486048586
hist-nat,Sub-Saharan Africa (East),1941,0.03815047837616703,0.24143692702522973,-0.13840160473737625
hist-nat,Sub-Saharan Africa (East),1942,0.028849252625025912,0.26261952653205495,-0.12839057321577663
hist-nat,Sub-Saharan Africa (East),1943,0.01343219993585798,0.18082465825116784,-0.1368632667097881
hist-nat,Sub-Saharan Africa (East),1944,0.018309380864053537,0.21029206135923104,-0.24105343895458944
hist-nat,Sub-Saharan Africa (East),1945,-0.031534054658145294,0.1445576974265382,-0.16849359486987012
hist-nat,Sub-Saharan Africa (East),1946,0.044280156095036105,0.3051091206299734,-0.1585692687076124
hist-nat,Sub-Saharan Africa (East),1947,0.09042437084673693,0.5351197355364016,-0.08689819776237186
hist-nat,Sub-Saharan Africa (East),1948,0.04679495756718488,0.2685843932917905,-0.1848866460748564
hist-nat,Sub-Saharan Africa (East),1949,0.03914497628112201,0.24010513926334398,-0.09171442553989664
hist-nat,Sub-Saharan Africa (East),1950,0.002132485283839358,0.27652585872917107,-0.24368720138750816
hist-nat,Sub-Saharan Africa (East),1951,0.051430156730489784,0.21631622590026645,-0.17892208921970862
hist-nat,Sub-Saharan Africa (East),1952,-0.011943266375574524,0.19724240456693948,-0.2682827959364102
hist-nat,Sub-Saharan Africa (East),1953,0.05307810510517541,0.42152778587487916,-0.2683280954310056
hist-nat,Sub-Saharan Africa (East),1954,0.0070599881018402755,0.2914983458253242,-0.16055429422504483
hist-nat,Sub-Saharan Africa (East),1955,0.03356165544020584,0.2524465668872395,-0.23438653797747974
hist-nat,Sub-Saharan Africa (East),1956,-0.02899678012283502,0.21162171363449714,-0.3270753111286794
hist-nat,Sub-Saharan Africa (East),1957,0.04364240457140056,0.2779219874491221,-0.2546113095206188
hist-nat,Sub-Saharan Africa (East),1958,0.049154633300886985,0.24989433829255872,-0.09169001403564038
hist-nat,Sub-Saharan Africa (East),1959,0.09153726307230414,0.296517238682197,-0.0796066712224686
hist-nat,Sub-Saharan Africa (East),1960,0.05804315587915099,0.23660688556505383,-0.17216577049411336
hist-nat,Sub-Saharan Africa (East),1961,0.050322228120386114,0.27540878821692294,-0.10275395418174327
hist-nat,Sub-Saharan Africa (East),1962,0.08189551416336727,0.3539674128966974,-0.031215830388014253
hist-nat,Sub-Saharan Africa (East),1963,-0.10438140293644516,0.04926644561390663,-0.4852713290493565
hist-nat,Sub-Saharan Africa (East),1964,-0.13165456798759934,0.1467714505968349,-0.5118427920591813
hist-nat,Sub-Saharan Africa (East),1965,-0.005611065158259265,0.2188252122343528,-0.1612443407265509
hist-nat,Sub-Saharan Africa (East),1966,7.778275292409376e-4,0.21488253990073994,-0.26148999119058974
hist-nat,Sub-Saharan Africa (East),1967,-0.031200217116040818,0.05695506172831981,-0.2561254267316507
hist-nat,Sub-Saharan Africa (East),1968,-0.017122339229765693,0.1424275333346627,-0.308849055382565
hist-nat,Sub-Saharan Africa (East),1969,-0.02014402530525672,0.2127485913405757,-0.25896855578565686
hist-nat,Sub-Saharan Africa (East),1970,-0.025312937474947006,0.15356756793716742,-0.32290427233059626
hist-nat,Sub-Saharan Africa (East),1971,-0.023105655678765658,0.2601120280811773,-0.2720089238583561
hist-nat,Sub-Saharan Africa (East),1972,0.04233109739922014,0.2350247773730981,-0.18749930423506064
hist-nat,Sub-Saharan Africa (East),1973,-0.0024971493028402847,0.2975850219496473,-0.1671326031806739
hist-nat,Sub-Saharan Africa (East),1974,0.034141765920246314,0.27014267506184686,-0.19825307892266186
hist-nat,Sub-Saharan Africa (East),1975,-0.06775886141578269,0.18064913549971984,-0.37871508543979215
hist-nat,Sub-Saharan Africa (East),1976,0.013083282860602452,0.226817485203946,-0.1804848503526042
hist-nat,Sub-Saharan Africa (East),1977,-0.0028495908117385227,0.25475793060882473,-0.2737755073688735
hist-nat,Sub-Saharan Africa (East),1978,-0.024221724561105162,0.16146140199846534,-0.3016645882829838
hist-nat,Sub-Saharan Africa (East),1979,-0.010957740296241525,0.2829563038693822,-0.14930442981440673
hist-nat,Sub-Saharan Africa (East),1980,0.06781050579701642,0.21072041736990027,-0.11509241956250199
hist-nat,Sub-Saharan Africa (East),1981,0.09027240257400848,0.2555939978826934,-0.14469476850387367
hist-nat,Sub-Saharan Africa (East),1982,-0.033204520642353685,0.1932755594341247,-0.21361329782160113
hist-nat,Sub-Saharan Africa (East),1983,-0.0724020140863999,0.1380787126260118,-0.3512213883222888
hist-nat,Sub-Saharan Africa (East),1984,-0.037564200258788816,0.27811319635783927,-0.2442825128645637
hist-nat,Sub-Saharan Africa (East),1985,0.011324204042889363,0.2168559227435437,-0.21841973220798644
hist-nat,Sub-Saharan Africa (East),1986,-0.04957772867521015,0.16113450405287494,-0.3031605392946936
hist-nat,Sub-Saharan Africa (East),1987,0.029760649823044716,0.3306602604538454,-0.26663985260448864
hist-nat,Sub-Saharan Africa (East),1988,-6.016547179754639e-5,0.23975681216115227,-0.2408445120829295
hist-nat,Sub-Saharan Africa (East),1989,-0.0017713149453868482,0.22504842921853832,-0.19089708380975026
hist-nat,Sub-Saharan Africa (East),1990,0.004709976124125603,0.16587959827779702,-0.11658111546339177
hist-nat,Sub-Saharan Africa (East),1991,0.016578556457513827,0.16121552368936556,-0.31816257526023434
hist-nat,Sub-Saharan Africa (East),1992,-0.18549933430533372,-0.01645524300402543,-0.4180180060740071
hist-nat,Sub-Saharan Africa (East),1993,-0.1397112055905474,0.2531334466292322,-0.5168332638212565
hist-nat,Sub-Saharan Africa (East),1994,-0.09649968200382375,0.0476273490592619,-0.3251177649765964
hist-nat,Sub-Saharan Africa (East),1995,-0.023896458547863375,0.22821266678790086,-0.3186769961003161
hist-nat,Sub-Saharan Africa (East),1996,0.02802122690002662,0.2715770369047844,-0.28775658137658944
hist-nat,Sub-Saharan Africa (East),1997,-0.07772471882277543,0.1982931346964822,-0.4073333490171265
hist-nat,Sub-Saharan Africa (East),1998,0.025863986588774424,0.2947162780029572,-0.21826240366901287
hist-nat,Sub-Saharan Africa (East),1999,-0.028039237254109395,0.25174426914727316,-0.2501664203194597
hist-nat,Sub-Saharan Africa (East),2000,-0.03295706654544972,0.15426561585885434,-0.20372913466319814
hist-nat,Sub-Saharan Africa (East),2001,0.026929712307968146,0.3392469129115593,-0.3059368567201801
hist-nat,Sub-Saharan Africa (East),2002,0.07227271716703854,0.2727460050826025,-0.19591845564912874
hist-nat,Sub-Saharan Africa (East),2003,-0.01660569718749727,0.19150384936252204,-0.23856939876363564
hist-nat,Sub-Saharan Africa (East),2004,0.07906857541322054,0.23440603039065977,-0.19686451515564338
hist-nat,Sub-Saharan Africa (East),2005,-0.05248050771343671,0.1361402249466003,-0.3758436276215935
hist-nat,Sub-Saharan Africa (East),2006,-0.015792654031091757,0.2217367686274595,-0.25666471414662484
hist-nat,Sub-Saharan Africa (East),2007,0.0346759324896162,0.26663667919269285,-0.09953616979013198
hist-nat,Sub-Saharan Africa (East),2008,0.05113054469151734,0.2781695739965943,-0.3243381519489336
hist-nat,Sub-Saharan Africa (East),2009,-0.042357050573425425,0.24595499233483364,-0.19585413261190396
hist-nat,Sub-Saharan Africa (East),2010,-0.023108369116879857,0.25399688580018875,-0.19523649657222267
hist-nat,Sub-Saharan Africa (East),2011,-0.03494211915013068,0.183983810003599,-0.1856592427292789
hist-nat,Sub-Saharan Africa (East),2012,-0.017611961086235084,0.21368262988335238,-0.1605417612495081
hist-nat,Sub-Saharan Africa (East),2013,0.06110165787700339,0.23706175132836407,-0.07328208257260052
hist-nat,Sub-Saharan Africa (East),2014,0.05226591590227869,0.29771846968210874,-0.0933544589832863
hist-nat,Sub-Saharan Africa (Southern),1901,-0.8933571091264518,-0.3020544624727021,-1.7690611413570099
hist-nat,Sub-Saharan Africa (Southern),1902,-0.052347441043265164,0.6133729315156303,-0.27748141392397124
hist-nat,Sub-Saharan Africa (Southern),1903,0.005358315243658041,0.28130507754148815,-0.7898476350725683
hist-nat,Sub-Saharan Africa (Southern),1904,-0.02523758924755093,0.14820403897899292,-0.3497969423950938
hist-nat,Sub-Saharan Africa (Southern),1905,-0.09035743823775277,0.2640705418093048,-0.3852224525397041
hist-nat,Sub-Saharan Africa (Southern),1906,-0.05546291820548532,0.30076546459469206,-0.42680077206201156
hist-nat,Sub-Saharan Africa (Southern),1907,0.04656180232842999,0.5185409947892905,-0.27937428234322464
hist-nat,Sub-Saharan Africa (Southern),1908,0.08713836214207404,0.7535299231499489,-0.16143062137765227
hist-nat,Sub-Saharan Africa (Southern),1909,0.0345669384674423,0.4035173020047686,-0.408915455188098
hist-nat,Sub-Saharan Africa (Southern),1910,0.009242683750184,0.5101158951887592,-0.23393720126092354
hist-nat,Sub-Saharan Africa (Southern),1911,0.05560014610027153,0.3001095800701456,-0.22174048032983684
hist-nat,Sub-Saharan Africa (Southern),1912,0.17887311239556425,0.4942070072283871,-0.35562705714006526
hist-nat,Sub-Saharan Africa (Southern),1913,0.07495931970477265,0.5013987456158823,-0.21073709474963742
hist-nat,Sub-Saharan Africa (Southern),1914,0.05796277416960294,0.41898231553506093,-0.2578025666938341
hist-nat,Sub-Saharan Africa (Southern),1915,-0.07385258707325448,0.3773138834113418,-0.3547918168998418
hist-nat,Sub-Saharan Africa (Southern),1916,-0.03925044465652405,0.4056959120617953,-0.28901972629605943
hist-nat,Sub-Saharan Africa (Southern),1917,0.08290289400446582,0.5536397637274757,-0.28250915921585107
hist-nat,Sub-Saharan Africa (Southern),1918,0.01108533674577572,0.3450533674601759,-0.7043499643616666
hist-nat,Sub-Saharan Africa (Southern),1919,0.036005845700346484,0.4582121765935685,-0.5219571306885772
hist-nat,Sub-Saharan Africa (Southern),1920,0.07238210733641282,0.34825859709716467,-0.1539910578230632
hist-nat,Sub-Saharan Africa (Southern),1921,0.08221800912820854,0.33385893570102565,-0.3115725345188118
hist-nat,Sub-Saharan Africa (Southern),1922,0.06279555196041642,0.5940430237681461,-0.3004635612431912
hist-nat,Sub-Saharan Africa (Southern),1923,-0.039353164360051096,0.36908425800643807,-0.5497269402909262
hist-nat,Sub-Saharan Africa (Southern),1924,0.039789206592260484,0.34453385958074806,-0.19849593818218025
hist-nat,Sub-Saharan Africa (Southern),1925,-0.06325442740719112,0.19853947429615956,-0.322837554074777
hist-nat,Sub-Saharan Africa (Southern),1926,0.01564932412737008,0.40344326102151623,-0.19554769965904054
hist-nat,Sub-Saharan Africa (Southern),1927,0.08378005144947664,0.39445552047459065,-0.291985987310721
hist-nat,Sub-Saharan Africa (Southern),1928,0.054560330663090184,0.5136498191791039,-0.38518925007158344
hist-nat,Sub-Saharan Africa (Southern),1929,-0.026273071846084406,0.42632474899972467,-0.23463245797723997
hist-nat,Sub-Saharan Africa (Southern),1930,0.026346042925055713,0.33517813413357017,-0.2871095035982652
hist-nat,Sub-Saharan Africa (Southern),1931,0.11377256231950739,0.45358858501024324,-0.44913810665155296
hist-nat,Sub-Saharan Africa (Southern),1932,0.09805459879033407,0.6183724305181756,-0.2993946628431235
hist-nat,Sub-Saharan Africa (Southern),1933,-0.05607571622214458,0.676458999959276,-0.585594352563379
hist-nat,Sub-Saharan Africa (Southern),1934,0.0721497008255767,0.5607329062965807,-0.18446818052387784
hist-nat,Sub-Saharan Africa (Southern),1935,-0.07668514382324432,0.3779615717929162,-0.44621884187934635
hist-nat,Sub-Saharan Africa (Southern),1936,0.07217312951523525,0.6216307449857588,-0.4864678216458593
hist-nat,Sub-Saharan Africa (Southern),1937,-0.06237621133287874,0.5958406110990156,-0.6996271223745065
hist-nat,Sub-Saharan Africa (Southern),1938,0.14305317134448003,0.5772602749774653,-0.1651977052741319
hist-nat,Sub-Saharan Africa (Southern),1939,0.006244791345874745,0.3464838656942902,-0.44317190557353
hist-nat,Sub-Saharan Africa (Southern),1940,-0.009733832147517774,0.4697931220301692,-0.2477510191921457
hist-nat,Sub-Saharan Africa (Southern),1941,0.1329639075045428,0.6052375729821905,-0.23602660103844889
hist-nat,Sub-Saharan Africa (Southern),1942,0.06396892711649826,0.6958266359020543,-0.17564448229677582
hist-nat,Sub-Saharan Africa (Southern),1943,0.056805539400599514,0.37526792134633474,-0.2079870176335085
hist-nat,Sub-Saharan Africa (Southern),1944,0.07266027392473973,0.3572742912376486,-0.6084951812638962
hist-nat,Sub-Saharan Africa (Southern),1945,-0.014130318552199483,0.4429615092335119,-0.4360902916362452
hist-nat,Sub-Saharan Africa (Southern),1946,0.03468078108878814,0.5160428037679474,-0.5098290101196422
hist-nat,Sub-Saharan Africa (Southern),1947,0.06774286017713038,0.686622758635276,-0.16517071905395608
hist-nat,Sub-Saharan Africa (Southern),1948,0.05927514871428663,0.8004336071792006,-0.36112682643596444
hist-nat,Sub-Saharan Africa (Southern),1949,0.026560499742224408,0.35881452022283566,-0.15886795819452465
hist-nat,Sub-Saharan Africa (Southern),1950,0.04356155730579658,0.32113004025376474,-0.6571109011308615
hist-nat,Sub-Saharan Africa (Southern),1951,0.050888654998854754,0.43861844587165305,-0.5871595596979422
hist-nat,Sub-Saharan Africa (Southern),1952,0.14746042764125278,0.5169900008969299,-0.4088746135289764
hist-nat,Sub-Saharan Africa (Southern),1953,0.0611723496828418,0.4076430197820681,-0.17648534743021357
hist-nat,Sub-Saharan Africa (Southern),1954,0.03445310287072445,0.409621685750518,-0.2434941132779844
hist-nat,Sub-Saharan Africa (Southern),1955,0.009969158623945873,0.24510734713620105,-0.2792959562659007
hist-nat,Sub-Saharan Africa (Southern),1956,-0.031795537905512816,0.356863406461343,-0.3330021284898656
hist-nat,Sub-Saharan Africa (Southern),1957,0.04808097793830157,0.4394444666887906,-0.4027510899798962
hist-nat,Sub-Saharan Africa (Southern),1958,-0.054435764679301,0.3315567176661034,-0.31787319603227643
hist-nat,Sub-Saharan Africa (Southern),1959,0.08903375651010847,0.37976382846611895,-0.22511798451120466
hist-nat,Sub-Saharan Africa (Southern),1960,0.12249787544700652,0.47604134842118073,-0.4097768983716957
hist-nat,Sub-Saharan Africa (Southern),1961,0.044769220674020005,0.35850412512612584,-0.38790290162569574
hist-nat,Sub-Saharan Africa (Southern),1962,0.0052505624603078616,0.4729410248210975,-0.43608064816916503
hist-nat,Sub-Saharan Africa (Southern),1963,-0.28821914995180364,-0.0481084629689742,-0.82361266935814
hist-nat,Sub-Saharan Africa (Southern),1964,-0.30106796090649723,0.133052496795873,-0.8269712707061347
hist-nat,Sub-Saharan Africa (Southern),1965,-0.029617179514882963,0.2918353164461591,-0.412259214329616
hist-nat,Sub-Saharan Africa (Southern),1966,0.011095704286802288,0.37908541963663556,-0.3325613724967337
hist-nat,Sub-Saharan Africa (Southern),1967,-0.05946253266770185,0.35438600016597566,-0.4068652726240913
hist-nat,Sub-Saharan Africa (Southern),1968,-0.13083164387018087,0.3332432683331266,-0.5278431649389812
hist-nat,Sub-Saharan Africa (Southern),1969,-0.003227541718157312,0.18619112995348047,-0.2914105609102304
hist-nat,Sub-Saharan Africa (Southern),1970,0.13740279381763898,0.4238119484499743,-0.4101154233849929
hist-nat,Sub-Saharan Africa (Southern),1971,-0.10288808313368847,0.4434835140331113,-0.46905263986218737
hist-nat,Sub-Saharan Africa (Southern),1972,0.06706084318907912,0.4236510098824618,-0.42760321010701674
hist-nat,Sub-Saharan Africa (Southern),1973,0.08130451415659756,0.46409598158170196,-0.4432004262110283
hist-nat,Sub-Saharan Africa (Southern),1974,-0.014375725801183847,0.2856084007361292,-0.5706226330238511
hist-nat,Sub-Saharan Africa (Southern),1975,-0.1345057357654067,0.34763855968399093,-0.5727566835423765
hist-nat,Sub-Saharan Africa (Southern),1976,-0.08407729304729017,0.27526974499547413,-0.38245461469883923
hist-nat,Sub-Saharan Africa (Southern),1977,0.048177634085549315,0.5059344289449388,-0.40922916040158025
hist-nat,Sub-Saharan Africa (Southern),1978,-0.12101331958557893,0.2963706089155245,-0.7537606594958156
hist-nat,Sub-Saharan Africa (Southern),1979,0.07605396662457409,0.3187793110356657,-0.18051751843449146
hist-nat,Sub-Saharan Africa (Southern),1980,0.08912899959149811,0.5119442069332326,-0.16920612981892091
hist-nat,Sub-Saharan Africa (Southern),1981,-0.0046786833368841485,0.3861081103412743,-0.3074202134942364
hist-nat,Sub-Saharan Africa (Southern),1982,0.05233028160729347,0.543777052600684,-0.23094512190243854
hist-nat,Sub-Saharan Africa (Southern),1983,-0.005838574734088553,0.25994415899697537,-0.46923965638876586
hist-nat,Sub-Saharan Africa (Southern),1984,1.233408589413898e-4,0.19671187131468384,-0.6111447417319453
hist-nat,Sub-Saharan Africa (Southern),1985,0.009074962835629918,0.34045585800230044,-0.2340234674605842
hist-nat,Sub-Saharan Africa (Southern),1986,0.0025545032332310313,0.39235073017861194,-0.43603945727117055
hist-nat,Sub-Saharan Africa (Southern),1987,0.015590203858053542,0.4205643811053356,-0.349071515060535
hist-nat,Sub-Saharan Africa (Southern),1988,0.06924950047751821,0.5452931546536124,-0.4516417249423494
hist-nat,Sub-Saharan Africa (Southern),1989,-0.10034265368869555,0.2880158853931564,-0.3351748353746764
hist-nat,Sub-Saharan Africa (Southern),1990,0.10090017117774153,0.47801432139525374,-0.4101038130331965
hist-nat,Sub-Saharan Africa (Southern),1991,-0.059740645721493735,0.2565019587744291,-0.4555764734410551
hist-nat,Sub-Saharan Africa (Southern),1992,-0.228236681080908,0.1595947599456223,-0.8512209402488118
hist-nat,Sub-Saharan Africa (Southern),1993,-0.1880643160892994,0.24019120800714117,-0.4818194893170535
hist-nat,Sub-Saharan Africa (Southern),1994,-0.06891906913436685,0.2057304924118209,-0.36219034901856445
hist-nat,Sub-Saharan Africa (Southern),1995,0.02254280255385055,0.4086735024804007,-0.536499731915189
hist-nat,Sub-Saharan Africa (Southern),1996,-0.02237909840182528,0.5094242902541135,-0.6199151592866631
hist-nat,Sub-Saharan Africa (Southern),1997,-0.018597391976474142,0.39846505988487335,-0.5894409227935256
hist-nat,Sub-Saharan Africa (Southern),1998,0.03548277058202132,0.5712138137764695,-0.6000265246014783
hist-nat,Sub-Saharan Africa (Southern),1999,-0.06342638755801033,0.2702543043617637,-0.4995621809814633
hist-nat,Sub-Saharan Africa (Southern),2000,-0.0319668648140663,0.22981977575623552,-0.3273065558967037
hist-nat,Sub-Saharan Africa (Southern),2001,0.12729987164820677,0.5400970721423992,-0.24716280841716834
hist-nat,Sub-Saharan Africa (Southern),2002,0.11772937985825038,0.412525023958661,-0.1475862959544081
hist-nat,Sub-Saharan Africa (Southern),2003,0.022374764136591452,0.4528673722327104,-0.2767709306528566
hist-nat,Sub-Saharan Africa (Southern),2004,0.06188576417763514,0.540531833724978,-0.17762514663817264
hist-nat,Sub-Saharan Africa (Southern),2005,-0.04642210711280903,0.2898898481849675,-0.5716781354425272
hist-nat,Sub-Saharan Africa (Southern),2006,-0.03623428320897126,0.34198715883058933,-0.34835624592461867
hist-nat,Sub-Saharan Africa (Southern),2007,-0.004639797082070629,0.6034532964178353,-0.2993895919676301
hist-nat,Sub-Saharan Africa (Southern),2008,-0.027103088417785415,0.28336220335823287,-0.3091141543022484
hist-nat,Sub-Saharan Africa (Southern),2009,0.12242590158267319,0.570524199364789,-0.39523505902412986
hist-nat,Sub-Saharan Africa (Southern),2010,0.0058941788148825225,0.39283474253762807,-0.5102225339179689
hist-nat,Sub-Saharan Africa (Southern),2011,0.04815262670039466,0.46944653341293247,-0.30174203150010576
hist-nat,Sub-Saharan Africa (Southern),2012,0.006542052853326652,0.38071624187497727,-0.13271700440023576
hist-nat,Sub-Saharan Africa (Southern),2013,0.09161036086909036,0.3048107366357008,-0.237393466182586
hist-nat,Sub-Saharan Africa (Southern),2014,0.045892331828884636,0.44530424336110563,-0.21652465929600273
hist-nat,Sub-Saharan Africa (West),1901,0.2718950915378322,0.6138493924449288,0.015021886787724629
hist-nat,Sub-Saharan Africa (West),1902,-0.042386028742193105,0.19817983384381485,-0.13368820168912554
hist-nat,Sub-Saharan Africa (West),1903,-0.06449745502865412,0.11342963096767349,-0.25603594573333804
hist-nat,Sub-Saharan Africa (West),1904,-0.034654937586655166,0.14344883128148486,-0.3196014924472159
hist-nat,Sub-Saharan Africa (West),1905,0.07536553885957531,0.2587401942810642,-0.09268300585343993
hist-nat,Sub-Saharan Africa (West),1906,0.030610684150115475,0.18552461537468215,-0.17039547903113983
hist-nat,Sub-Saharan Africa (West),1907,-0.024658040497763878,0.12093043782717489,-0.22059416068001525
hist-nat,Sub-Saharan Africa (West),1908,-0.0642796138036168,0.07910735788130369,-0.32217402735517775
hist-nat,Sub-Saharan Africa (West),1909,0.01672590386021966,0.15367977271391925,-0.13906655886821753
hist-nat,Sub-Saharan Africa (West),1910,-0.012965283259394056,0.09814397175517049,-0.15050533225041604
hist-nat,Sub-Saharan Africa (West),1911,0.00506500461602144,0.23312739454286355,-0.18785108928039715
hist-nat,Sub-Saharan Africa (West),1912,-0.033785584418104975,0.1205992726775907,-0.18327783218381732
hist-nat,Sub-Saharan Africa (West),1913,-0.0202074922324762,0.16921198094707923,-0.17375075111166005
hist-nat,Sub-Saharan Africa (West),1914,-0.008520608688481701,0.30031866502059534,-0.15195297026730153
hist-nat,Sub-Saharan Africa (West),1915,0.007706590520434986,0.1940474488313216,-0.18513325316896
hist-nat,Sub-Saharan Africa (West),1916,-0.019154708773065465,0.18634254451417856,-0.17066611675241283
hist-nat,Sub-Saharan Africa (West),1917,-0.01982724892926413,0.1085021087131423,-0.23388562001324117
hist-nat,Sub-Saharan Africa (West),1918,0.05348320737881096,0.23180887562782787,-0.12488298858248825
hist-nat,Sub-Saharan Africa (West),1919,-0.04999088343474156,0.14512816286225488,-0.1349093529575622
hist-nat,Sub-Saharan Africa (West),1920,-0.005604911724546469,0.16227163386216922,-0.10142682266740621
hist-nat,Sub-Saharan Africa (West),1921,-0.01223937428457944,0.10651627143448965,-0.17839831959060462
hist-nat,Sub-Saharan Africa (West),1922,-0.033218814258635376,0.10557759758781261,-0.24047998473034546
hist-nat,Sub-Saharan Africa (West),1923,-0.0062830222147072234,0.17185427988329038,-0.17425336271002684
hist-nat,Sub-Saharan Africa (West),1924,-0.019846809285510858,0.15022432042232656,-0.1543074205162405
hist-nat,Sub-Saharan Africa (West),1925,0.04184980424174256,0.17130219618560355,-0.10612761300613123
hist-nat,Sub-Saharan Africa (West),1926,0.033370884822829794,0.13071727884041162,-0.16349390331806218
hist-nat,Sub-Saharan Africa (West),1927,-0.048912363648671686,0.16786161654205817,-0.2317303631622682
hist-nat,Sub-Saharan Africa (West),1928,-0.03198189737074841,0.10265790937661322,-0.2500571431806758
hist-nat,Sub-Saharan Africa (West),1929,9.032990321422574e-4,0.12101667988112368,-0.24318090009013316
hist-nat,Sub-Saharan Africa (West),1930,-0.0011190962131877313,0.27399239296620126,-0.137722245525174
hist-nat,Sub-Saharan Africa (West),1931,-0.015102917366846214,0.10987570348780973,-0.1749721068911082
hist-nat,Sub-Saharan Africa (West),1932,-0.015377931226517205,0.1675802888403934,-0.18778461842560645
hist-nat,Sub-Saharan Africa (West),1933,0.008349597608664716,0.18769271754222422,-0.19134104447148523
hist-nat,Sub-Saharan Africa (West),1934,-0.059327588083167626,0.13500221704638943,-0.3441153472649988
hist-nat,Sub-Saharan Africa (West),1935,-0.07178833184749323,0.10645880582092941,-0.2646873930051328
hist-nat,Sub-Saharan Africa (West),1936,-0.01793765541978587,0.15441489518660442,-0.2169692965722053
hist-nat,Sub-Saharan Africa (West),1937,0.04677734963320823,0.16387954832018817,-0.3055523055570958
hist-nat,Sub-Saharan Africa (West),1938,-0.009618001984673441,0.21408504789487456,-0.1989582291791546
hist-nat,Sub-Saharan Africa (West),1939,-0.0025377675078921413,0.23117898632232317,-0.22553399268711052
hist-nat,Sub-Saharan Africa (West),1940,0.0016544426820601643,0.1850565314109004,-0.3309793893815261
hist-nat,Sub-Saharan Africa (West),1941,-0.01992967199679896,0.21210387786334334,-0.183856853559627
hist-nat,Sub-Saharan Africa (West),1942,0.004195811825775664,0.1432284831472138,-0.362927441838529
hist-nat,Sub-Saharan Africa (West),1943,-0.0062710206140472735,0.17519630468078126,-0.15356465858464682
hist-nat,Sub-Saharan Africa (West),1944,0.03294350641709087,0.2444200528999963,-0.14441704129674485
hist-nat,Sub-Saharan Africa (West),1945,-0.04961632917861181,0.10473457476108598,-0.26836834961872813
hist-nat,Sub-Saharan Africa (West),1946,-0.05569740481215035,0.0894167777929201,-0.24596325726176643
hist-nat,Sub-Saharan Africa (West),1947,-0.0017380095406558382,0.3362187655947745,-0.2904725051301334
hist-nat,Sub-Saharan Africa (West),1948,-0.051298248343336184,0.19941092038006597,-0.2582665701885361
hist-nat,Sub-Saharan Africa (West),1949,-0.03426986793724396,0.14668836802369356,-0.23363113336773045
hist-nat,Sub-Saharan Africa (West),1950,0.050848694465006616,0.16974721452839778,-0.15013774691023604
hist-nat,Sub-Saharan Africa (West),1951,-0.009270429444972805,0.16104264802395754,-0.19254665356388434
hist-nat,Sub-Saharan Africa (West),1952,0.030538219793843524,0.22981593237514375,-0.28098817550888344
hist-nat,Sub-Saharan Africa (West),1953,-0.08729024241882044,0.08898051591636771,-0.2711251945348668
hist-nat,Sub-Saharan Africa (West),1954,0.01521433823660523,0.14028515591296403,-0.1777857782134216
hist-nat,Sub-Saharan Africa (West),1955,0.0199310970584321,0.2290820604563578,-0.28468770157172046
hist-nat,Sub-Saharan Africa (West),1956,0.05237568905899437,0.18498130829966677,-0.11331689708752926
hist-nat,Sub-Saharan Africa (West),1957,0.015102617786130423,0.1873543253257786,-0.0926589416636129
hist-nat,Sub-Saharan Africa (West),1958,-0.024868238046982682,0.1343222923066995,-0.21572664529150884
hist-nat,Sub-Saharan Africa (West),1959,-0.012939546417943149,0.11297228439450782,-0.13866555105204126
hist-nat,Sub-Saharan Africa (West),1960,-0.015398582571972241,0.1684437597967405,-0.21342369570058822
hist-nat,Sub-Saharan Africa (West),1961,0.003131189779551846,0.1555145342181976,-0.3906619040734
hist-nat,Sub-Saharan Africa (West),1962,-0.0485891602556201,0.16798501793691129,-0.23170019408714423
hist-nat,Sub-Saharan Africa (West),1963,0.024327222410803984,0.17069389168753055,-0.08541278699110144
hist-nat,Sub-Saharan Africa (West),1964,0.12290271772224415,0.3485570590009433,-0.02300071804490819
hist-nat,Sub-Saharan Africa (West),1965,0.038757112810216654,0.16014244827759502,-0.09359784918957069
hist-nat,Sub-Saharan Africa (West),1966,0.010989699666104968,0.20381010309973283,-0.20687621184436297
hist-nat,Sub-Saharan Africa (West),1967,0.03522990375324753,0.22855268771149465,-0.2097972523710787
hist-nat,Sub-Saharan Africa (West),1968,0.025837390381486358,0.15616826110426932,-0.09636963166688729
hist-nat,Sub-Saharan Africa (West),1969,0.029232384815585988,0.22963943529745195,-0.10406191901415268
hist-nat,Sub-Saharan Africa (West),1970,0.04220674521436152,0.23337161466357192,-0.2317068122303425
hist-nat,Sub-Saharan Africa (West),1971,0.01725723989129513,0.19523469858719436,-0.2566533692637414
hist-nat,Sub-Saharan Africa (West),1972,-0.01933289618830436,0.12620727311193708,-0.16825312823148655
hist-nat,Sub-Saharan Africa (West),1973,-0.025791892460510724,0.12869398482095384,-0.23803030564735206
hist-nat,Sub-Saharan Africa (West),1974,0.009315443911528831,0.16402542068096493,-0.33743980178598143
hist-nat,Sub-Saharan Africa (West),1975,0.043618857101353825,0.2443153271206597,-0.224483473480851
hist-nat,Sub-Saharan Africa (West),1976,0.06745015008307931,0.26564146175799047,-0.20194052251180883
hist-nat,Sub-Saharan Africa (West),1977,0.058048409603582485,0.22941043273338782,-0.06897895531702111
hist-nat,Sub-Saharan Africa (West),1978,0.03827006183772497,0.19036516912366075,-0.13135796899579225
hist-nat,Sub-Saharan Africa (West),1979,-0.016152731707965273,0.19252229732639167,-0.23376262919130328
hist-nat,Sub-Saharan Africa (West),1980,-0.020420501262670143,0.16856142883376027,-0.1767629640278642
hist-nat,Sub-Saharan Africa (West),1981,-0.030114380617899172,0.16233428521252122,-0.21094548890686937
hist-nat,Sub-Saharan Africa (West),1982,0.0364602821361899,0.19490050810461945,-0.1306169758459756
hist-nat,Sub-Saharan Africa (West),1983,-0.004018518096135182,0.1439409813620486,-0.1798530781032159
hist-nat,Sub-Saharan Africa (West),1984,-0.0030972350494913314,0.20080461630825197,-0.20038480742591352
hist-nat,Sub-Saharan Africa (West),1985,0.05762477070407712,0.24503740501012472,-0.18584692651551152
hist-nat,Sub-Saharan Africa (West),1986,0.02211872935094661,0.23069648908844295,-0.1153015487519351
hist-nat,Sub-Saharan Africa (West),1987,0.0068957572127317235,0.21794976928025128,-0.16616255806213118
hist-nat,Sub-Saharan Africa (West),1988,-0.01903476714473129,0.09371032712982336,-0.18343330826513995
hist-nat,Sub-Saharan Africa (West),1989,0.011531594538606527,0.18034500593573308,-0.2244392503669836
hist-nat,Sub-Saharan Africa (West),1990,0.007888593534975286,0.21069539647450572,-0.12838545657615014
hist-nat,Sub-Saharan Africa (West),1991,0.024684618190523366,0.1844932632462644,-0.15290575647882143
hist-nat,Sub-Saharan Africa (West),1992,0.09066429055950564,0.24316999594207886,-0.09946188201907127
hist-nat,Sub-Saharan Africa (West),1993,0.1269808111517179,0.3084042869494911,-0.07913119435412383
hist-nat,Sub-Saharan Africa (West),1994,0.05041912415706307,0.16813877063390267,-0.04708778125349618
hist-nat,Sub-Saharan Africa (West),1995,-0.0059843820768641365,0.15816390510121303,-0.16515337642317685
hist-nat,Sub-Saharan Africa (West),1996,0.011986234882506608,0.2139618415524617,-0.23190046019713467
hist-nat,Sub-Saharan Africa (West),1997,0.04409940978429461,0.22387656151348442,-0.17534139753690745
hist-nat,Sub-Saharan Africa (West),1998,-0.014126827311262247,0.18533589037296408,-0.18683240721880237
hist-nat,Sub-Saharan Africa (West),1999,-0.023319227345808713,0.2512809614796628,-0.28164274340582374
hist-nat,Sub-Saharan Africa (West),2000,0.025787076839733913,0.14296636267491958,-0.09671231160786639
hist-nat,Sub-Saharan Africa (West),2001,0.06036896368357603,0.3762719349757659,-0.22926539909208188
hist-nat,Sub-Saharan Africa (West),2002,0.03161718857010598,0.1394578485920311,-0.23015037897217852
hist-nat,Sub-Saharan Africa (West),2003,0.046225893334208124,0.18696196495466813,-0.15641134068326606
hist-nat,Sub-Saharan Africa (West),2004,-0.04219919852362608,0.3709511562684584,-0.2595724594298936
hist-nat,Sub-Saharan Africa (West),2005,0.06674403806804996,0.23106206363509826,-0.1731894380621668
hist-nat,Sub-Saharan Africa (West),2006,-0.016781577849264373,0.13541351514309005,-0.1098437936380165
hist-nat,Sub-Saharan Africa (West),2007,-0.03438172406231388,0.14177020924945039,-0.23016904018485712
hist-nat,Sub-Saharan Africa (West),2008,0.014411534949818616,0.30959909997958923,-0.26860215926297887
hist-nat,Sub-Saharan Africa (West),2009,0.030338933519132638,0.19680074065354447,-0.220132079719521
hist-nat,Sub-Saharan Africa (West),2010,0.0710093988126097,0.27993225701378655,-0.17017087760132837
hist-nat,Sub-Saharan Africa (West),2011,0.030251916580709803,0.2832971020354893,-0.22143155721600644
hist-nat,Sub-Saharan Africa (West),2012,0.03656070072922546,0.22871500265144526,-0.09190818462627277
hist-nat,Sub-Saharan Africa (West),2013,0.012863430308090784,0.16953325660240132,-0.12182369824893691
hist-nat,Sub-Saharan Africa (West),2014,-0.05350134151305763,0.16125338751278442,-0.23454523995663693
historical,Sub-Saharan Africa (Central),1901,-0.1073485194952788,0.06562124467248293,-0.3277345441232885
historical,Sub-Saharan Africa (Central),1902,-0.0020905294085373782,0.24069292123414343,-0.18795618060835897
historical,Sub-Saharan Africa (Central),1903,-0.04109690180513326,0.13157573448635865,-0.22606282801153413
historical,Sub-Saharan Africa (Central),1904,0.01930233815908622,0.15532232687362252,-0.09119394016008116
historical,Sub-Saharan Africa (Central),1905,-0.05873686531991229,0.09249541453770997,-0.20900420482300214
historical,Sub-Saharan Africa (Central),1906,-0.02236524208577606,0.13730578313630193,-0.22950014297178922
historical,Sub-Saharan Africa (Central),1907,-0.047599138187064405,0.126381608404991,-0.19978490971265275
historical,Sub-Saharan Africa (Central),1908,0.03387239006110221,0.15402182163170391,-0.10386220115533573
historical,Sub-Saharan Africa (Central),1909,0.029892330527431454,0.2078944471894007,-0.13084593147649173
historical,Sub-Saharan Africa (Central),1910,0.007466152289822503,0.12409984036441901,-0.22210942852291532
historical,Sub-Saharan Africa (Central),1911,0.026505210966980997,0.15182978637032885,-0.21468624297516853
historical,Sub-Saharan Africa (Central),1912,-0.018093833732446996,0.20436880310910502,-0.12126430800613619
historical,Sub-Saharan Africa (Central),1913,0.03138760003499641,0.18132218104035153,-0.1419975235226662
historical,Sub-Saharan Africa (Central),1914,-0.03125364906934891,0.09635174517481811,-0.2367289740846015
historical,Sub-Saharan Africa (Central),1915,-0.01569426188822476,0.1696325423362259,-0.16036789408103544
historical,Sub-Saharan Africa (Central),1916,0.025133525435169446,0.14844904528010613,-0.1313666875457594
historical,Sub-Saharan Africa (Central),1917,0.007456475346796054,0.1490913238104198,-0.22237338280576643
historical,Sub-Saharan Africa (Central),1918,0.018677091577540494,0.10996287749037731,-0.09565090515945726
historical,Sub-Saharan Africa (Central),1919,0.010655018133604699,0.19566413398851806,-0.10996098776920124
historical,Sub-Saharan Africa (Central),1920,-0.014845937047049063,0.19581439765806524,-0.16432853427662122
historical,Sub-Saharan Africa (Central),1921,0.028327694916523427,0.21866240156142264,-0.1333416555026723
historical,Sub-Saharan Africa (Central),1922,0.0205576861758896,0.22192684513363042,-0.20308830948482176
historical,Sub-Saharan Africa (Central),1923,0.010013364949703174,0.1920855820183683,-0.12971459730353488
historical,Sub-Saharan Africa (Central),1924,0.03926152456601173,0.17762885939834472,-0.19034637790882022
historical,Sub-Saharan Africa (Central),1925,-0.0283688179592243,0.13150621000555626,-0.13944909982802614
historical,Sub-Saharan Africa (Central),1926,0.017780016980932345,0.12922760735878486,-0.10743832022077413
historical,Sub-Saharan Africa (Central),1927,-0.030403967623811923,0.09998909135712733,-0.12413465733426605
historical,Sub-Saharan Africa (Central),1928,0.08385930698142019,0.2731904720798126,-0.12697154964828455
historical,Sub-Saharan Africa (Central),1929,0.0074309924999678145,0.15743017268551218,-0.19438432034406575
historical,Sub-Saharan Africa (Central),1930,0.028982440664414355,0.2289198502702257,-0.16288610510171145
historical,Sub-Saharan Africa (Central),1931,-0.011256660885912595,0.20387923056326143,-0.15571281219092512
historical,Sub-Saharan Africa (Central),1932,0.007078943174660068,0.2252471934525873,-0.14597169313200808
historical,Sub-Saharan Africa (Central),1933,0.03652619969646764,0.1328185230388612,-0.10964249202634128
historical,Sub-Saharan Africa (Central),1934,0.07495918663268952,0.21269829595395393,-0.12823897441693646
historical,Sub-Saharan Africa (Central),1935,0.030467299806954173,0.19038766665981077,-0.08402524614614641
historical,Sub-Saharan Africa (Central),1936,0.04184788150764085,0.180526287641161,-0.08094347225692147
historical,Sub-Saharan Africa (Central),1937,0.05895770028113034,0.3154853660643499,-0.16650934864521288
historical,Sub-Saharan Africa (Central),1938,0.012304709361288246,0.1555794610237057,-0.19215492886676394
historical,Sub-Saharan Africa (Central),1939,0.058175523540171525,0.2581847244661851,-0.09402005736416683
historical,Sub-Saharan Africa (Central),1940,0.020146622314449303,0.213210520549374,-0.11659107084194636
historical,Sub-Saharan Africa (Central),1941,0.058574472696925284,0.18000597905448074,-0.09848779130537544
historical,Sub-Saharan Africa (Central),1942,0.04531263944924646,0.321470399576963,-0.1074263232729919
historical,Sub-Saharan Africa (Central),1943,0.028161329273469704,0.2152735412928088,-0.14507051708439606
historical,Sub-Saharan Africa (Central),1944,0.09985968528352984,0.2922320361625547,-0.01831158070838832
historical,Sub-Saharan Africa (Central),1945,0.08479800568659002,0.21295498344499955,-0.18364842772627696
historical,Sub-Saharan Africa (Central),1946,0.05530894979010981,0.19314957815722616,-0.1675006770827647
historical,Sub-Saharan Africa (Central),1947,0.03784683275349465,0.2269273899698081,-0.1417666386959354
historical,Sub-Saharan Africa (Central),1948,0.08720098074551785,0.2668065585653256,-0.0987733462178756
historical,Sub-Saharan Africa (Central),1949,0.1250629493665123,0.3355011237575052,-0.08889797823298408
historical,Sub-Saharan Africa (Central),1950,0.051093385088954335,0.25747102794567717,-0.15375589314924143
historical,Sub-Saharan Africa (Central),1951,0.03251902962303532,0.2709628781242702,-0.09425767060089463
historical,Sub-Saharan Africa (Central),1952,0.03175698292859508,0.23001956299739096,-0.11374100851102505
historical,Sub-Saharan Africa (Central),1953,0.03166049528023507,0.2364960039075095,-0.11697582077811076
historical,Sub-Saharan Africa (Central),1954,0.056890037604720334,0.28372544170347985,-0.13297485004789067
historical,Sub-Saharan Africa (Central),1955,0.053550994247878236,0.2747314837862159,-0.11819277085898393
historical,Sub-Saharan Africa (Central),1956,0.0572763536178158,0.4367734271193006,-0.10907789177764453
historical,Sub-Saharan Africa (Central),1957,0.06122029493841552,0.22658745017302373,-0.12895637025901224
historical,Sub-Saharan Africa (Central),1958,0.05294539082244043,0.26051686174559646,-0.20144392211526066
historical,Sub-Saharan Africa (Central),1959,0.09833365839157793,0.3349035252551663,-0.06053393048941231
historical,Sub-Saharan Africa (Central),1960,0.05973512646767887,0.37997931189589984,-0.10454232056880475
historical,Sub-Saharan Africa (Central),1961,0.03708896863206945,0.23531544455307907,-0.22406123493377877
historical,Sub-Saharan Africa (Central),1962,0.06496655976580001,0.24523656807120403,-0.1583583748231181
historical,Sub-Saharan Africa (Central),1963,-0.04235723651267875,0.144704302922459,-0.3127311464484833
historical,Sub-Saharan Africa (Central),1964,0.041889258790735795,0.21701199655044331,-0.1311058665396839
historical,Sub-Saharan Africa (Central),1965,0.06484173589115017,0.2956277389468496,-0.06843669792736193
historical,Sub-Saharan Africa (Central),1966,0.07554795077510335,0.2769733081524062,-0.05393584596599048
historical,Sub-Saharan Africa (Central),1967,-0.00903816653292111,0.13698848615015174,-0.16933299704120086
historical,Sub-Saharan Africa (Central),1968,0.007443239138979152,0.27335755740035306,-0.2869979142905107
historical,Sub-Saharan Africa (Central),1969,0.10147727197567491,0.34649839829476536,-0.21568555101525214
historical,Sub-Saharan Africa (Central),1970,0.10573752259442593,0.3058727681776357,-0.043677305561055486
historical,Sub-Saharan Africa (Central),1971,0.08817189341046472,0.3031374153784952,-0.1471554178229823
historical,Sub-Saharan Africa (Central),1972,0.07953407487476838,0.33827434883123236,-0.058060503431982366
historical,Sub-Saharan Africa (Central),1973,0.07694845013722329,0.373892483513408,-0.16495562259959617
historical,Sub-Saharan Africa (Central),1974,0.07561034626112928,0.3481298344159781,-0.07210578448446475
historical,Sub-Saharan Africa (Central),1975,0.04105201015875437,0.2090644589581939,-0.19685344217045292
historical,Sub-Saharan Africa (Central),1976,0.09454342171515506,0.3127494187552214,-0.10025068361813609
historical,Sub-Saharan Africa (Central),1977,0.08209266097207646,0.31716878779487556,-0.09894732164390092
historical,Sub-Saharan Africa (Central),1978,0.027080523134635825,0.28343972432797176,-0.26072086210383616
historical,Sub-Saharan Africa (Central),1979,0.06661927136119239,0.27069967233546133,-0.11890199453028956
historical,Sub-Saharan Africa (Central),1980,0.0494393379766116,0.2768691555389796,-0.12306140719874072
historical,Sub-Saharan Africa (Central),1981,0.09612162508534894,0.36307807383768764,-0.07785418231439376
historical,Sub-Saharan Africa (Central),1982,0.06378953793684161,0.3357821490282206,-0.203856853081237
historical,Sub-Saharan Africa (Central),1983,0.09699909546424479,0.3165866720190288,-0.1133026096195479
historical,Sub-Saharan Africa (Central),1984,0.03420579329594986,0.30431938560865845,-0.20598756862333045
historical,Sub-Saharan Africa (Central),1985,0.12351547032114851,0.4103007909610459,-0.12184279025369128
historical,Sub-Saharan Africa (Central),1986,0.08645457637946308,0.29488434599170854,-0.1573990679909782
historical,Sub-Saharan Africa (Central),1987,0.10684533553403597,0.3637165435649619,-0.0948451580427104
historical,Sub-Saharan Africa (Central),1988,0.10622633370138601,0.43958924105526964,-0.09441855930807534
historical,Sub-Saharan Africa (Central),1989,0.06607031745033254,0.37338665460881293,-0.1404215766583615
historical,Sub-Saharan Africa (Central),1990,0.08826306292000297,0.4285809589751805,-0.16040563212283843
historical,Sub-Saharan Africa (Central),1991,0.1052444112297799,0.34260269703465607,-0.10554851462272942
historical,Sub-Saharan Africa (Central),1992,-0.010782504369117873,0.25742217859813266,-0.17481907562515034
historical,Sub-Saharan Africa (Central),1993,0.06935576366984719,0.27222450782613783,-0.13314396506011175
historical,Sub-Saharan Africa (Central),1994,0.1189901773363573,0.33387424282547257,-0.08178636920250337
historical,Sub-Saharan Africa (Central),1995,0.15727643173511652,0.5130455917699173,-0.10184667815855537
historical,Sub-Saharan Africa (Central),1996,0.09540689215899789,0.3795931240460098,-0.10102524656558066
historical,Sub-Saharan Africa (Central),1997,0.15006769033327672,0.4698550601437253,-0.07250189888194178
historical,Sub-Saharan Africa (Central),1998,0.10976492084701661,0.43028209394795286,-0.1535635814405202
historical,Sub-Saharan Africa (Central),1999,0.12450132755272847,0.41250682045041936,-0.1155512515231665
historical,Sub-Saharan Africa (Central),2000,0.11601244563888358,0.5233336950935469,-0.18925882126162638
historical,Sub-Saharan Africa (Central),2001,0.2020486442634919,0.5295371590167458,-0.09115297767602949
historical,Sub-Saharan Africa (Central),2002,0.16750592630962657,0.4608196838499714,-0.11950111315918459
historical,Sub-Saharan Africa (Central),2003,0.14314418469176715,0.43068465450993537,-0.10816731411986637
historical,Sub-Saharan Africa (Central),2004,0.1458779190696653,0.4879525653816344,-0.14698031297691308
historical,Sub-Saharan Africa (Central),2005,0.09742359092414787,0.4060636563380893,-0.19123972927852398
historical,Sub-Saharan Africa (Central),2006,0.12017585468639425,0.43669160867815177,-0.13953964639226973
historical,Sub-Saharan Africa (Central),2007,0.16488440024246742,0.4809731610439481,-0.10164522169039714
historical,Sub-Saharan Africa (Central),2008,0.13088615463786724,0.4351824231146341,-0.16861085178037663
historical,Sub-Saharan Africa (Central),2009,0.16376271517675178,0.5157045826409622,-0.1784360505237254
historical,Sub-Saharan Africa (Central),2010,0.15252682951001972,0.5936303233429402,-0.20139770666166645
historical,Sub-Saharan Africa (Central),2011,0.13954155726215944,0.5568024729045565,-0.14424581998501013
historical,Sub-Saharan Africa (Central),2012,0.17269197108153733,0.5353451462137871,-0.1477383776378545
historical,Sub-Saharan Africa (Central),2013,0.2146942479194358,0.6070588499365096,-0.12150303610422276
historical,Sub-Saharan Africa (Central),2014,0.21137107377131237,0.6427023408843308,-0.14609215159133251
historical,Sub-Saharan Africa (East),1901,-0.1060849093736067,0.05059051045046309,-0.29679521072525605
historical,Sub-Saharan Africa (East),1902,0.05093314019132933,0.2312888709826672,-0.18101836372630623
historical,Sub-Saharan Africa (East),1903,-0.09197391919976283,0.07349937456132893,-0.24723053928319416
historical,Sub-Saharan Africa (East),1904,0.017749166215939027,0.2000765878678964,-0.19699540335488058
historical,Sub-Saharan Africa (East),1905,-0.03158614204391341,0.24445215237644924,-0.26629898970655863
historical,Sub-Saharan Africa (East),1906,-0.04576259350355727,0.2905518410915462,-0.20660844008935655
historical,Sub-Saharan Africa (East),1907,-0.0733268562195235,0.1233358495637983,-0.25913699742482665
historical,Sub-Saharan Africa (East),1908,-0.016217068336782603,0.10571405195136042,-0.13818236930098243
historical,Sub-Saharan Africa (East),1909,0.04682914415796091,0.28711300735257095,-0.14946743520429848
historical,Sub-Saharan Africa (East),1910,0.04173484418371132,0.20166837868118379,-0.09765856137680942
historical,Sub-Saharan Africa (East),1911,-4.1238514091723744e-4,0.16227234383736397,-0.21801779301741675
historical,Sub-Saharan Africa (East),1912,0.011621691932898415,0.22964588060197105,-0.0923332867608412
historical,Sub-Saharan Africa (East),1913,-0.024624788713333956,0.1609120241300599,-0.20846938653015598
historical,Sub-Saharan Africa (East),1914,-0.04199843723804264,0.13754036215983184,-0.3762597159144288
historical,Sub-Saharan Africa (East),1915,-0.008436489220029486,0.15106018014825864,-0.22076501424123282
historical,Sub-Saharan Africa (East),1916,0.054076500132772765,0.29150133911233594,-0.16293025657949195
historical,Sub-Saharan Africa (East),1917,0.0014422003829679397,0.29454892628695323,-0.26831113947549595
historical,Sub-Saharan Africa (East),1918,0.04052866383823428,0.2016804383589516,-0.2433475689004272
historical,Sub-Saharan Africa (East),1919,0.005361793228956913,0.3270934958898261,-0.2188805390415357
historical,Sub-Saharan Africa (East),1920,-0.053965234579912646,0.18459768905935384,-0.31008532609611694
historical,Sub-Saharan Africa (East),1921,0.03664375722163982,0.2464571300987998,-0.0751995955076726
historical,Sub-Saharan Africa (East),1922,-0.014720183629361117,0.19750704724976337,-0.26181451926133725
historical,Sub-Saharan Africa (East),1923,0.03031938449158389,0.2603145079570914,-0.23714627013490883
historical,Sub-Saharan Africa (East),1924,0.04488136867535175,0.22042834414063425,-0.08832183039215095
historical,Sub-Saharan Africa (East),1925,0.009068480874699247,0.2209217902678741,-0.1850413205280322
historical,Sub-Saharan Africa (East),1926,-0.020724756213589046,0.14487335920124308,-0.33828851906424545
historical,Sub-Saharan Africa (East),1927,0.0208557763463304,0.17849806911815866,-0.1394741649903546
historical,Sub-Saharan Africa (East),1928,0.04333162235045762,0.4611670150244357,-0.1634945203018301
historical,Sub-Saharan Africa (East),1929,0.03630135186276462,0.27649505439205657,-0.24395240357301445
historical,Sub-Saharan Africa (East),1930,0.04170269279120831,0.21341389883435402,-0.19302299470307566
historical,Sub-Saharan Africa (East),1931,-0.012347971637179711,0.26392708674687154,-0.1939293232079123
historical,Sub-Saharan Africa (East),1932,-0.0371419555841932,0.17883112705057747,-0.29558885859833844
historical,Sub-Saharan Africa (East),1933,0.07701693119474484,0.25343746556210606,-0.12633643221351676
historical,Sub-Saharan Africa (East),1934,0.03234775407532098,0.37103445001194885,-0.18815874179878447
historical,Sub-Saharan Africa (East),1935,0.09011871292112161,0.30758150982450444,-0.12630794869363768
historical,Sub-Saharan Africa (East),1936,0.056806249171451384,0.26610554872326697,-0.09242938519542872
historical,Sub-Saharan Africa (East),1937,0.006220050969862001,0.28886168140160845,-0.2598720402564758
historical,Sub-Saharan Africa (East),1938,0.05192294406438336,0.29122089349643887,-0.11356360883717577
historical,Sub-Saharan Africa (East),1939,0.05386189175191092,0.3055743179085602,-0.11649745726686228
historical,Sub-Saharan Africa (East),1940,0.04673718957341322,0.2825207778364934,-0.29327399606813903
historical,Sub-Saharan Africa (East),1941,0.08113315414206212,0.33239391386532513,-0.12839867770099447
historical,Sub-Saharan Africa (East),1942,0.04655212605629089,0.5891961633881272,-0.20320765522898404
historical,Sub-Saharan Africa (East),1943,0.05960010155069284,0.26036297960438726,-0.2708387564125164
historical,Sub-Saharan Africa (East),1944,0.09845914743444695,0.3803350404466402,-0.07253229804101942
historical,Sub-Saharan Africa (East),1945,0.09351213087745336,0.3187049316760191,-0.060074971940292696
historical,Sub-Saharan Africa (East),1946,0.035447219981733724,0.28490379383557235,-0.18151041757069455
historical,Sub-Saharan Africa (East),1947,0.0762711449307325,0.29247309543423067,-0.1838087662927162
historical,Sub-Saharan Africa (East),1948,0.09260418752675292,0.30488526520475495,-0.12413015047671595
historical,Sub-Saharan Africa (East),1949,0.09164620652760647,0.46436516009427603,-0.06621341332927458
historical,Sub-Saharan Africa (East),1950,0.05253695945805248,0.41864784640772623,-0.24110086606106407
historical,Sub-Saharan Africa (East),1951,0.09664179611552548,0.35501945137849544,-0.1913553749377602
historical,Sub-Saharan Africa (East),1952,0.13362618163328221,0.39368968929859594,-0.09391430821603564
historical,Sub-Saharan Africa (East),1953,-0.017533290333602736,0.28892694449044565,-0.19220571658805738
historical,Sub-Saharan Africa (East),1954,0.016150938917032676,0.30238613955563937,-0.20779614007582267
historical,Sub-Saharan Africa (East),1955,0.1212814036960026,0.511440536840418,-0.12367707271910894
historical,Sub-Saharan Africa (East),1956,0.06759114446620273,0.40407877634859973,-0.1411564123516811
historical,Sub-Saharan Africa (East),1957,0.07024167657514013,0.4942024674909404,-0.20090642856475577
historical,Sub-Saharan Africa (East),1958,0.09207320656335938,0.3544881395640157,-0.15469314292948616
historical,Sub-Saharan Africa (East),1959,0.15160509979936165,0.39337144969704874,-0.023071295089123804
historical,Sub-Saharan Africa (East),1960,0.11785195792861103,0.3093074375037814,-0.09738333779235367
historical,Sub-Saharan Africa (East),1961,0.09127287608940549,0.35507739017977996,-0.20167125273234313
historical,Sub-Saharan Africa (East),1962,0.10786008453348828,0.4051014067830791,-0.1239177999235606
historical,Sub-Saharan Africa (East),1963,7.191450999357585e-4,0.34157481200223905,-0.2417236826651072
historical,Sub-Saharan Africa (East),1964,-0.004438692175401826,0.18153116651667633,-0.19641830980628186
historical,Sub-Saharan Africa (East),1965,5.661398743583845e-4,0.3859323706955937,-0.2178133418652365
historical,Sub-Saharan Africa (East),1966,0.1270711560711284,0.47952811928690714,-0.07424450071068449
historical,Sub-Saharan Africa (East),1967,0.03458350406920907,0.2728554658413397,-0.30969250828487344
historical,Sub-Saharan Africa (East),1968,0.06215009477131517,0.28322472269728194,-0.3381309183293311
historical,Sub-Saharan Africa (East),1969,0.09883754030301617,0.426847460562476,-0.2570288628868688
historical,Sub-Saharan Africa (East),1970,0.1131361516006848,0.3338146423193993,-0.06542521372201282
historical,Sub-Saharan Africa (East),1971,0.09779457877912634,0.3686998787465824,-0.069696603193211
historical,Sub-Saharan Africa (East),1972,0.06478913257783958,0.3948520435375195,-0.1324651033250653
historical,Sub-Saharan Africa (East),1973,0.11646289801380938,0.492559205857415,-0.12400596660084026
historical,Sub-Saharan Africa (East),1974,0.15078532009662737,0.37271507245181734,-0.052480946057208995
historical,Sub-Saharan Africa (East),1975,0.07322445574814296,0.4243911103357799,-0.1221002774845825
historical,Sub-Saharan Africa (East),1976,0.0479384214035683,0.3700495442593654,-0.13547405450714683
historical,Sub-Saharan Africa (East),1977,0.10098904998158886,0.4255747769722486,-0.12541463540983208
historical,Sub-Saharan Africa (East),1978,0.16732295997024238,0.4480561724503433,-0.219629637612562
historical,Sub-Saharan Africa (East),1979,0.13479142934352772,0.4176146956757817,-0.112144774816349
historical,Sub-Saharan Africa (East),1980,0.1041096372019048,0.42595615907928325,-0.24587464405300066
historical,Sub-Saharan Africa (East),1981,0.18593841244485176,0.5746424924707053,-0.087223207110806375
historical,Sub-Saharan Africa (East),1982,0.08103719973014378,0.4544878508928019,-0.09094464082587005
historical,Sub-Saharan Africa (East),1983,0.07373676250605143,0.3838224095653751,-0.09996189258033965
historical,Sub-Saharan Africa (East),1984,0.2067771538720855,0.4348524620542583,-0.014431620829795832
historical,Sub-Saharan Africa (East),1985,0.12713411001695007,0.49508244752860636,-0.04024302516948345
historical,Sub-Saharan Africa (East),1986,0.11779015547003269,0.35628016089549164,-0.12114386693411952
historical,Sub-Saharan Africa (East),1987,0.1624961171927808,0.5029103796135476,-0.12265574431160768
historical,Sub-Saharan Africa (East),1988,0.23591408746564468,0.6210813005327791,-0.2494996001421562
historical,Sub-Saharan Africa (East),1989,0.13349139516351372,0.6326721851264858,-0.13220813010284826
historical,Sub-Saharan Africa (East),1990,0.2400937802011036,0.5244559661696626,-0.05174308100676404
historical,Sub-Saharan Africa (East),1991,0.18212037769839284,0.5616115503188203,-0.13390044606874021
historical,Sub-Saharan Africa (East),1992,-0.003547761688716733,0.33863985210835457,-0.2812852991459568
historical,Sub-Saharan Africa (East),1993,0.11430617077507677,0.30638264622940414,-0.11944678422137045
historical,Sub-Saharan Africa (East),1994,0.18248036231362263,0.5465572017264093,-0.27950394092886305
historical,Sub-Saharan Africa (East),1995,0.18681132688110225,0.46269081093318104,-0.043942551265129914
historical,Sub-Saharan Africa (East),1996,0.19091224389310035,0.5768188793096234,-0.04472060633514515
historical,Sub-Saharan Africa (East),1997,0.24373750708702246,0.6227693425566736,-0.045089702729832294
historical,Sub-Saharan Africa (East),1998,0.23699417992315475,0.604246405156847,-0.136876781438281
historical,Sub-Saharan Africa (East),1999,0.26185720700885184,0.6909791049333682,-0.03043336424775623
historical,Sub-Saharan Africa (East),2000,0.32505480946125687,0.6844326767775021,0.004450366670076292
historical,Sub-Saharan Africa (East),2001,0.3509820107180275,0.740582243222618,-0.02638621536502955
historical,Sub-Saharan Africa (East),2002,0.23283145275645722,0.6431735696490768,-0.08571297386861251
historical,Sub-Saharan Africa (East),2003,0.29789058157649606,0.6971911885305946,-0.12519615953529167
historical,Sub-Saharan Africa (East),2004,0.3010162178073905,0.7556288584269819,-0.044490235115798075
historical,Sub-Saharan Africa (East),2005,0.31612134709568096,0.7564163692947582,-0.0385367582017606
historical,Sub-Saharan Africa (East),2006,0.31926826463008595,0.790549732541466,-0.007881795702244074
historical,Sub-Saharan Africa (East),2007,0.2852383045455227,0.6779939185482866,-0.016751013442515728
historical,Sub-Saharan Africa (East),2008,0.2759115105883758,0.635544628978956,-0.131989299212013
historical,Sub-Saharan Africa (East),2009,0.3607088434404879,0.8343217327468047,-0.027650995528071386
historical,Sub-Saharan Africa (East),2010,0.3172242070172828,0.8492658963043003,-0.19464477979172123
historical,Sub-Saharan Africa (East),2011,0.2649298402848679,0.8236576113903956,-0.18131058010001339
historical,Sub-Saharan Africa (East),2012,0.38761659511027347,0.815024647454857,-0.017446155289645295
historical,Sub-Saharan Africa (East),2013,0.35792829539985505,0.9195849863539446,-0.05137585364961197
historical,Sub-Saharan Africa (East),2014,0.3782242326727463,0.8532512101810001,-0.03918495387032638
historical,Sub-Saharan Africa (Southern),1901,-0.9025678020395738,-0.31921716892554347,-1.7145520329415325
historical,Sub-Saharan Africa (Southern),1902,0.12891689550757945,0.3790651521118667,-0.16515163533109672
historical,Sub-Saharan Africa (Southern),1903,-0.06866656818444916,0.45038204305960494,-0.37094846857507624
historical,Sub-Saharan Africa (Southern),1904,0.013024814829158515,0.4034052143352925,-0.2224222173135306
historical,Sub-Saharan Africa (Southern),1905,-0.077555645407692,0.17637018641807728,-0.5414972959916401
historical,Sub-Saharan Africa (Southern),1906,-0.03258622222005059,0.24108896810729397,-0.6940588540245869
historical,Sub-Saharan Africa (Southern),1907,-0.16922446822368897,0.040665346478022696,-0.4523531987442309
historical,Sub-Saharan Africa (Southern),1908,0.07663962321920081,0.4920863768907636,-0.24387902889665475
historical,Sub-Saharan Africa (Southern),1909,0.06604728249535086,0.4403511835313265,-0.22836470792807476
historical,Sub-Saharan Africa (Southern),1910,0.03523394774811095,0.30473292737795105,-0.3231557309371443
historical,Sub-Saharan Africa (Southern),1911,0.07402521698184472,0.34572602982746514,-0.46132252771159615
historical,Sub-Saharan Africa (Southern),1912,0.08106065173362964,0.4326183145248073,-0.15232584049056683
historical,Sub-Saharan Africa (Southern),1913,0.08314318305615842,0.38246707042372435,-0.2100505983567501
historical,Sub-Saharan Africa (Southern),1914,-0.04125612179100813,0.17794287641758838,-0.4373025731331495
historical,Sub-Saharan Africa (Southern),1915,0.03726154720466823,0.4643138505680432,-0.3711971044508303
historical,Sub-Saharan Africa (Southern),1916,0.1672478642885018,0.5155482234864499,-0.30324340036479175
historical,Sub-Saharan Africa (Southern),1917,-0.16160644359445087,0.31927800234838094,-0.4201741605728042
historical,Sub-Saharan Africa (Southern),1918,0.034012602081951115,0.48718598577043637,-0.21786484581575358
historical,Sub-Saharan Africa (Southern),1919,0.021664793255038006,0.5371108040556931,-0.26874731945120334
historical,Sub-Saharan Africa (Southern),1920,0.005449628266113393,0.3812535143182443,-0.4461730573264791
historical,Sub-Saharan Africa (Southern),1921,-0.05032048337645101,0.28127575276592476,-0.34352078631270866
historical,Sub-Saharan Africa (Southern),1922,-0.07125887366575157,0.34312793608931796,-0.47378210965991446
historical,Sub-Saharan Africa (Southern),1923,0.03827130037290161,0.5942878638562834,-0.2263725987349037
historical,Sub-Saharan Africa (Southern),1924,0.09486876982979453,0.39752711565899135,-0.15561918576617978
historical,Sub-Saharan Africa (Southern),1925,0.09737515412102482,0.4970090118315224,-0.2171680345878162
historical,Sub-Saharan Africa (Southern),1926,0.07108480816471108,0.3253044238736756,-0.5990771943611953
historical,Sub-Saharan Africa (Southern),1927,0.03079390930530579,0.2443480084975604,-0.3027857408051503
historical,Sub-Saharan Africa (Southern),1928,0.10066514689567363,0.3905183922253808,-0.09683730972836421
historical,Sub-Saharan Africa (Southern),1929,0.18611304125843375,0.45376321172155215,-0.11749734802026665
historical,Sub-Saharan Africa (Southern),1930,0.17430155771501887,0.48273894063564665,-0.12357533216510816
historical,Sub-Saharan Africa (Southern),1931,-0.01169768296037077,0.2529750009088345,-0.3928391804322352
historical,Sub-Saharan Africa (Southern),1932,0.0763253905513892,0.3496339217903942,-0.2377768615547904
historical,Sub-Saharan Africa (Southern),1933,0.07531353880487401,0.645219932381892,-0.22059812212019558
historical,Sub-Saharan Africa (Southern),1934,0.15121634756354396,0.46803472882044195,-0.15493796419542072
historical,Sub-Saharan Africa (Southern),1935,0.10254709164528997,0.4184303995292592,-0.38891007254354654
historical,Sub-Saharan Africa (Southern),1936,0.17598248879085254,0.5337261224441168,-0.19788634481432882
historical,Sub-Saharan Africa (Southern),1937,0.0850229997843499,0.5715957713542054,-0.5039084650576778
historical,Sub-Saharan Africa (Southern),1938,0.1677767973503137,0.47439515630757173,-0.19362309650744114
historical,Sub-Saharan Africa (Southern),1939,0.2226127795431907,0.5429460617142116,-0.009884344239663514
historical,Sub-Saharan Africa (Southern),1940,0.0589721331543096,0.6034726790549312,-0.1982637426352605
historical,Sub-Saharan Africa (Southern),1941,0.2394380776698508,0.6625811945901805,-0.21343000950632599
historical,Sub-Saharan Africa (Southern),1942,0.23749512252470062,0.6893215969606674,-0.05727673934972301
historical,Sub-Saharan Africa (Southern),1943,0.24139571447528851,0.6184772978904318,-0.16337573880430548
historical,Sub-Saharan Africa (Southern),1944,0.22373958324725507,0.9168524596814538,-0.23546339090516027
historical,Sub-Saharan Africa (Southern),1945,0.11518605206420318,0.42321089139132995,-0.29987482355775424
historical,Sub-Saharan Africa (Southern),1946,-0.009116395027870539,0.583577275979621,-0.4041157386103176
historical,Sub-Saharan Africa (Southern),1947,-0.014233686664933742,0.4766288908910951,-0.3256408480483724
historical,Sub-Saharan Africa (Southern),1948,0.2588610549025301,0.6862369757944334,-0.026786574134036907
historical,Sub-Saharan Africa (Southern),1949,0.3054061168264006,0.7911950456631391,-0.04685122478988397
historical,Sub-Saharan Africa (Southern),1950,0.2536758866716937,0.6349117567958671,-0.0030995707307720564
historical,Sub-Saharan Africa (Southern),1951,0.11181682563202422,0.6154030696504235,-0.10008273122439242
historical,Sub-Saharan Africa (Southern),1952,0.21675563770910067,0.6379839548570486,-0.19901242873675995
historical,Sub-Saharan Africa (Southern),1953,0.0840565187579223,0.38867395494959134,-0.3565159777586373
historical,Sub-Saharan Africa (Southern),1954,0.23188853074432814,0.5389207838477114,-0.06737159414780365
historical,Sub-Saharan Africa (Southern),1955,0.218655434773515,0.7949072220088688,-0.1309988893932747
historical,Sub-Saharan Africa (Southern),1956,0.28486349525314836,0.7724339380473482,-0.13970428681063038
historical,Sub-Saharan Africa (Southern),1957,0.34847470122491586,0.8087360553053354,0.004588132295629426
historical,Sub-Saharan Africa (Southern),1958,0.19905926734368506,0.6079364559653945,-0.3142670152224575
historical,Sub-Saharan Africa (Southern),1959,0.26424895032915785,0.7204519623489983,-0.1006071326850444
historical,Sub-Saharan Africa (Southern),1960,0.1552035879508793,0.7024862880648317,-0.18769238624167633
historical,Sub-Saharan Africa (Southern),1961,0.18448172702036914,0.5805407544934649,-0.12075596831142991
historical,Sub-Saharan Africa (Southern),1962,0.2969831229130655,0.6801012031368203,-0.04139225742571568
historical,Sub-Saharan Africa (Southern),1963,0.044128785301431606,0.40602680468808755,-0.5229123080729436
historical,Sub-Saharan Africa (Southern),1964,-0.01430255267598568,0.38511178733325685,-0.3529784676890859
historical,Sub-Saharan Africa (Southern),1965,0.11385291705644107,0.7167483476823197,-0.3549989135246559
historical,Sub-Saharan Africa (Southern),1966,0.1903751727840266,0.5746527220712081,-0.2652723724833074
historical,Sub-Saharan Africa (Southern),1967,0.16552911032210815,0.5467631713190054,-0.4023520108612274
historical,Sub-Saharan Africa (Southern),1968,0.08118618342818351,0.6355942721760325,-0.39493112629479227
historical,Sub-Saharan Africa (Southern),1969,0.19953953316081297,0.5454788481772354,-0.10871575463939287
historical,Sub-Saharan Africa (Southern),1970,0.32296934093303165,0.7885287775562799,-0.10939623211038878
historical,Sub-Saharan Africa (Southern),1971,0.2693961228081001,0.6693452030210184,-0.06180323654843675
historical,Sub-Saharan Africa (Southern),1972,0.2474915587421158,0.6370569008660945,-0.042717449902183444
historical,Sub-Saharan Africa (Southern),1973,0.2657530100392229,0.759245344878047,-0.011331771828544033
historical,Sub-Saharan Africa (Southern),1974,0.25170172745663777,0.6728765882123238,-0.15888921388952784
historical,Sub-Saharan Africa (Southern),1975,0.154179472336736,0.544854860872172,-0.24697358703517336
historical,Sub-Saharan Africa (Southern),1976,0.36675674920799395,0.8447363831443061,0.019279813100208015
historical,Sub-Saharan Africa (Southern),1977,0.2965739906171123,0.926141272127807,0.00839980102901637
historical,Sub-Saharan Africa (Southern),1978,0.31028922444633267,0.7655931945264733,-0.029798222515972833
historical,Sub-Saharan Africa (Southern),1979,0.30152314377592937,0.9168687691785917,-0.05441469128373342
historical,Sub-Saharan Africa (Southern),1980,0.3354049097910057,0.8035447028263357,-0.025740191939396695
historical,Sub-Saharan Africa (Southern),1981,0.23427151334056617,0.8784143372728832,0.008643605791941773
historical,Sub-Saharan Africa (Southern),1982,0.30343130921714945,0.7359774219805402,-0.2835670025818939
historical,Sub-Saharan Africa (Southern),1983,0.3493060424944865,0.9791836367691168,0.038192629848151166
historical,Sub-Saharan Africa (Southern),1984,0.3258674153993013,0.8914619131591113,-0.08692992981087286
historical,Sub-Saharan Africa (Southern),1985,0.3940938294471934,0.9224670148298976,-0.062226926435155136
historical,Sub-Saharan Africa (Southern),1986,0.27032917685475155,0.7110791735720539,-0.03477712409696529
historical,Sub-Saharan Africa (Southern),1987,0.3211189110316006,0.7679580404483235,-0.2654094091775686
historical,Sub-Saharan Africa (Southern),1988,0.4443658340327019,0.9689321160444695,-0.13931432737565821
historical,Sub-Saharan Africa (Southern),1989,0.42712334358837367,1.0512200125019961,0.027458522688240984
historical,Sub-Saharan Africa (Southern),1990,0.45419792198287823,0.9137752552877709,0.09145787027496226
historical,Sub-Saharan Africa (Southern),1991,0.4531090808814575,0.9301326724736962,0.07436874703830407
historical,Sub-Saharan Africa (Southern),1992,0.1540543742586955,0.5053096096891121,-0.13066619228294485
historical,Sub-Saharan Africa (Southern),1993,0.3361227947893326,0.782848555000158,0.04338953164709345
historical,Sub-Saharan Africa (Southern),1994,0.36349576927446314,0.8395026316152887,-0.28248362669265387
historical,Sub-Saharan Africa (Southern),1995,0.38728455796762873,0.9403215329212878,-0.02980892365630491
historical,Sub-Saharan Africa (Southern),1996,0.44644890396509496,1.0447488833800733,0.02167404056746101
historical,Sub-Saharan Africa (Southern),1997,0.38116705450586785,0.9927404549128711,0.008802780629563156
historical,Sub-Saharan Africa (Southern),1998,0.46070243645751674,1.138074965770118,-0.025773169414319848
historical,Sub-Saharan Africa (Southern),1999,0.4923541179548323,1.099824231840678,0.05039789349409462
historical,Sub-Saharan Africa (Southern),2000,0.6235565344995244,1.1780169996374363,0.1555606748967856
historical,Sub-Saharan Africa (Southern),2001,0.5968049480569348,1.1562415722698385,0.14375552327925495
historical,Sub-Saharan Africa (Southern),2002,0.5354452653800337,1.115431550226224,0.09567817626805317
historical,Sub-Saharan Africa (Southern),2003,0.4824005069959121,1.205436687096049,0.06396892889752125
historical,Sub-Saharan Africa (Southern),2004,0.5461619947114933,1.2485394583197353,0.0758582960012424
historical,Sub-Saharan Africa (Southern),2005,0.6645021490883067,1.3231775559836207,0.034218401801361875
historical,Sub-Saharan Africa (Southern),2006,0.5592254773668976,1.2273081072020182,-0.007444980741773396
historical,Sub-Saharan Africa (Southern),2007,0.5048915606749951,1.2716982714170029,0.04107813390100468
historical,Sub-Saharan Africa (Southern),2008,0.6564780109569348,1.2705837274446532,0.17000626012417738
historical,Sub-Saharan Africa (Southern),2009,0.5734360772667806,1.1866286656925513,0.02648359752442442
historical,Sub-Saharan Africa (Southern),2010,0.546101201734686,1.3866302374288964,-0.02976621359659609
historical,Sub-Saharan Africa (Southern),2011,0.5307253584545641,1.2111526452267867,0.064680662850914325
historical,Sub-Saharan Africa (Southern),2012,0.632559328327936,1.2660654961430473,0.0940375862875996
historical,Sub-Saharan Africa (Southern),2013,0.7757653474486084,1.5070928218064075,0.16982458333494108
historical,Sub-Saharan Africa (Southern),2014,0.7582644142914639,1.5020801685126648,0.14570156883986415
historical,Sub-Saharan Africa (West),1901,0.3399527727708751,0.667923045044964,0.025543640741067016
historical,Sub-Saharan Africa (West),1902,0.04238319201791185,0.15845430633231597,-0.086674918726478
historical,Sub-Saharan Africa (West),1903,-0.004608247245030839,0.2219983188148642,-0.17155929084426552
historical,Sub-Saharan Africa (West),1904,-0.06221855589207337,0.14088046518004124,-0.2519259270376125
historical,Sub-Saharan Africa (West),1905,0.030422692765615267,0.28528215777787497,-0.2330501651706978
historical,Sub-Saharan Africa (West),1906,0.041988805543660135,0.2481889794092816,-0.20599153649273488
historical,Sub-Saharan Africa (West),1907,0.05856885448930882,0.27157962134505576,-0.14307227010489038
historical,Sub-Saharan Africa (West),1908,0.024087389662792447,0.1792589463368724,-0.15183214728926514
historical,Sub-Saharan Africa (West),1909,-0.029648593633979203,0.21012275950449583,-0.2617419453533063
historical,Sub-Saharan Africa (West),1910,-0.05309440257441089,0.16793483080812802,-0.1955752569960044
historical,Sub-Saharan Africa (West),1911,-0.011856451373937205,0.12459353375466507,-0.14105698319284768
historical,Sub-Saharan Africa (West),1912,0.0050819628057539035,0.1871838696044243,-0.21683274844905076
historical,Sub-Saharan Africa (West),1913,-0.018954310885984427,0.203582774809568,-0.29880289628064144
historical,Sub-Saharan Africa (West),1914,-0.0065347689180477175,0.21973961072299666,-0.17321586878963338
historical,Sub-Saharan Africa (West),1915,-0.011403689737104372,0.17405418330245861,-0.16171410911879533
historical,Sub-Saharan Africa (West),1916,-0.051380657544122244,0.17217520486297458,-0.2794058785849195
historical,Sub-Saharan Africa (West),1917,0.016837393036603032,0.21925910965463155,-0.20583174024300668
historical,Sub-Saharan Africa (West),1918,-0.04529289491030575,0.11467007364227544,-0.3957932736986592
historical,Sub-Saharan Africa (West),1919,-0.04089318964469868,0.22967458453907144,-0.22931867280755575
historical,Sub-Saharan Africa (West),1920,-0.02389297408227975,0.275674600571632,-0.22826600199885547
historical,Sub-Saharan Africa (West),1921,0.015696970288605172,0.19675685876559534,-0.2272728780626668
historical,Sub-Saharan Africa (West),1922,-0.007949942270055743,0.15335284006107625,-0.13082323500044346
historical,Sub-Saharan Africa (West),1923,-0.010170456546344298,0.21512557243888647,-0.12012831612239908
historical,Sub-Saharan Africa (West),1924,-0.08371763590247738,0.08781891125839746,-0.22736871341359832
historical,Sub-Saharan Africa (West),1925,-0.01528549918613109,0.13802178858190642,-0.19587133680346477
historical,Sub-Saharan Africa (West),1926,0.02136687663474568,0.16645512839222465,-0.11691317438201948
historical,Sub-Saharan Africa (West),1927,-0.05018514531961671,0.09052867298309192,-0.20077078699632586
historical,Sub-Saharan Africa (West),1928,-0.04654603601041174,0.0753673100041233,-0.2222742113923637
historical,Sub-Saharan Africa (West),1929,-0.016778978142081513,0.31577582818449157,-0.2791131419856267
historical,Sub-Saharan Africa (West),1930,-0.020252209262828558,0.12867121257326194,-0.2034064074990585
historical,Sub-Saharan Africa (West),1931,-0.05533553737077668,0.11043921091682049,-0.23727266254507917
historical,Sub-Saharan Africa (West),1932,-0.06162890945639177,0.0621936435475751,-0.1857179926627985
historical,Sub-Saharan Africa (West),1933,-0.016531125797065727,0.28200780975691336,-0.20863424892912796
historical,Sub-Saharan Africa (West),1934,-0.03802068539161496,0.1939805892202292,-0.2862087538219075
historical,Sub-Saharan Africa (West),1935,-0.0634521446502383,0.13415078915264753,-0.1889652002161199
historical,Sub-Saharan Africa (West),1936,-0.04936503592974084,0.11030071207068497,-0.2221823121239522
historical,Sub-Saharan Africa (West),1937,-0.05800922809569897,0.12591230688680166,-0.32941142242668453
historical,Sub-Saharan Africa (West),1938,-0.06927030945345791,0.07498300956419325,-0.3324925144683391
historical,Sub-Saharan Africa (West),1939,-0.04329818181632916,0.08522354444767843,-0.2550542333940145
historical,Sub-Saharan Africa (West),1940,-0.07889422893834919,0.14776505629793701,-0.4098870452630191
historical,Sub-Saharan Africa (West),1941,-0.11758702770529794,0.2112413103405589,-0.41306301018249236
historical,Sub-Saharan Africa (West),1942,-0.0499158100803232,0.16172045895286077,-0.2822795032964713
historical,Sub-Saharan Africa (West),1943,-0.051348029072293855,0.10829348924629939,-0.19349806434468844
historical,Sub-Saharan Africa (West),1944,-0.09413969760921681,0.10831265949563754,-0.35747195120451886
historical,Sub-Saharan Africa (West),1945,-0.10806664861934934,0.06477097382329189,-0.3322693526803683
historical,Sub-Saharan Africa (West),1946,-0.0732258541444466,0.09280236681035542,-0.27680979474725936
historical,Sub-Saharan Africa (West),1947,-0.02849103107424611,0.12713390493141286,-0.22532969302614914
historical,Sub-Saharan Africa (West),1948,-0.12747854890077726,0.0809575065662716,-0.29665276590332357
historical,Sub-Saharan Africa (West),1949,-0.06994462563522319,0.1499186127181667,-0.44691768431004886
historical,Sub-Saharan Africa (West),1950,-0.11809102351551815,0.017669306072951554,-0.32973465011333153
historical,Sub-Saharan Africa (West),1951,-0.06639124916004135,0.08161035726868486,-0.3148934431108191
historical,Sub-Saharan Africa (West),1952,-0.12978839418541455,0.042910193666058305,-0.41171437833122226
historical,Sub-Saharan Africa (West),1953,-0.1172631524654193,0.0689873205304048,-0.36827900256612905
historical,Sub-Saharan Africa (West),1954,-0.08756451159241863,0.08938870259321788,-0.3311291377686388
historical,Sub-Saharan Africa (West),1955,-0.09817095036902757,0.05654591868897963,-0.3347133811573741
historical,Sub-Saharan Africa (West),1956,-0.11122696378854613,0.11160975115082472,-0.36907610164629073
historical,Sub-Saharan Africa (West),1957,-0.17929882057928737,0.05115637777824985,-0.4282865581933901
historical,Sub-Saharan Africa (West),1958,-0.1358769084209257,0.03329367785247893,-0.43374588770594474
historical,Sub-Saharan Africa (West),1959,-0.16375598153873128,0.07541201610015688,-0.3798659532588292
historical,Sub-Saharan Africa (West),1960,-0.14986542354326637,0.05369600092967947,-0.35235983325913195
historical,Sub-Saharan Africa (West),1961,-0.12742115101202955,0.0397539083210318,-0.2870021674688896
historical,Sub-Saharan Africa (West),1962,-0.12701622333751672,0.04777024409724894,-0.39847375086292675
historical,Sub-Saharan Africa (West),1963,-0.07323526214493192,0.13357087826886038,-0.5741002752230194
historical,Sub-Saharan Africa (West),1964,0.03603417762003147,0.24918207646433768,-0.19035954069515845
historical,Sub-Saharan Africa (West),1965,-0.07856736527105923,0.0969848811057584,-0.3467560143265604
historical,Sub-Saharan Africa (West),1966,-0.108495294967895,0.09095378698029019,-0.40932966015556005
historical,Sub-Saharan Africa (West),1967,-0.08745237035318709,0.19256335762941806,-0.4010750321743462
historical,Sub-Saharan Africa (West),1968,-0.1266921201373883,0.049808782998035234,-0.4625309658141301
historical,Sub-Saharan Africa (West),1969,-0.1605408689188792,0.1033546279006298,-0.40520125703754284
historical,Sub-Saharan Africa (West),1970,-0.10547269427781458,0.11037900181654334,-0.3598608446565773
historical,Sub-Saharan Africa (West),1971,-0.15816498855999583,0.1373884780374655,-0.3594358363811828
historical,Sub-Saharan Africa (West),1972,-0.07561207676335613,0.0733261667003937,-0.5255612031635077
historical,Sub-Saharan Africa (West),1973,-0.16656674366741697,0.24935548205035388,-0.5400958363952068
historical,Sub-Saharan Africa (West),1974,-0.13008059298979546,0.05493026634005631,-0.40190518002336334
historical,Sub-Saharan Africa (West),1975,-0.10013207698049698,0.0665146076178629,-0.43674368126126917
historical,Sub-Saharan Africa (West),1976,-0.15891069029169458,0.06215678535186975,-0.36251119385805525
historical,Sub-Saharan Africa (West),1977,-0.06317886344316825,0.13219665986874282,-0.26447191474142
historical,Sub-Saharan Africa (West),1978,-0.13650821547813052,0.0278640012880455,-0.4527233955001058
historical,Sub-Saharan Africa (West),1979,-0.19401600832208032,0.06975226397097667,-0.43648192763467075
historical,Sub-Saharan Africa (West),1980,-0.14986795618558446,0.014344544362794589,-0.4000102562479981
historical,Sub-Saharan Africa (West),1981,-0.16268544521751593,0.003705660548627737,-0.429132383596931
historical,Sub-Saharan Africa (West),1982,-0.1918579765895636,0.08187778681954784,-0.5087318185101716
historical,Sub-Saharan Africa (West),1983,-0.2093326494719392,0.008462165269675722,-0.4898655631202267
historical,Sub-Saharan Africa (West),1984,-0.21540255465213676,0.01868606777916132,-0.6419492874390531
historical,Sub-Saharan Africa (West),1985,-0.11247340489884294,0.11181251180008686,-0.4703322937055763
historical,Sub-Saharan Africa (West),1986,-0.17622346843823777,0.008352941970114741,-0.4107042866013615
historical,Sub-Saharan Africa (West),1987,-0.12591040788882424,0.06050932350279435,-0.4227119047232499
historical,Sub-Saharan Africa (West),1988,-0.19706583465370286,0.0488436954021324,-0.6399139674400887
historical,Sub-Saharan Africa (West),1989,-0.18816096235018165,0.1496805045372258,-0.6177461684600853
historical,Sub-Saharan Africa (West),1990,-0.1999272123151492,0.02738853637130981,-0.4867261888997206
historical,Sub-Saharan Africa (West),1991,-0.19625294974682106,0.018471668078876916,-0.5109298172263286
historical,Sub-Saharan Africa (West),1992,-0.13568702620056783,-0.0015767523436904995,-0.3075604476856221
historical,Sub-Saharan Africa (West),1993,-0.09618993946051901,0.12948679901765328,-0.3318615701186397
historical,Sub-Saharan Africa (West),1994,-0.2156437139305929,0.07173384495484142,-0.5031378842306676
historical,Sub-Saharan Africa (West),1995,-0.14267331613582712,0.11694932858763671,-0.4598786643675062
historical,Sub-Saharan Africa (West),1996,-0.17004757776518886,0.10815851189884042,-0.44117202265925176
historical,Sub-Saharan Africa (West),1997,-0.16621729999426194,0.08102366405394186,-0.586610046506458
historical,Sub-Saharan Africa (West),1998,-0.21221444206114626,-0.017966317639468078,-0.5231017887181465
historical,Sub-Saharan Africa (West),1999,-0.2461087946576228,-0.0037726508408578567,-0.6506994277226208
historical,Sub-Saharan Africa (West),2000,-0.30229956971857064,0.0979205292427269,-0.6935529464647849
historical,Sub-Saharan Africa (West),2001,-0.3059212798821669,-0.017930960702448342,-0.6804996202767117
historical,Sub-Saharan Africa (West),2002,-0.281436065912267,0.01779533351203745,-0.6947673902271386
historical,Sub-Saharan Africa (West),2003,-0.23173014902738842,0.05282940785418505,-0.5765003236225682
historical,Sub-Saharan Africa (West),2004,-0.3102275745208196,-3.3973068302278265e-4,-0.6769044211660702
historical,Sub-Saharan Africa (West),2005,-0.265113670052326,0.010114082982184957,-0.6937506891345411
historical,Sub-Saharan Africa (West),2006,-0.23845106638492197,0.027829566358098252,-0.5942743122949259
historical,Sub-Saharan Africa (West),2007,-0.2264025378972221,0.06177822524635167,-0.5728034996051058
historical,Sub-Saharan Africa (West),2008,-0.28434669791056955,-0.014828644417363115,-0.5881414559285109
historical,Sub-Saharan Africa (West),2009,-0.41297671886047027,-0.1050643900300702,-0.8948975133301885
historical,Sub-Saharan Africa (West),2010,-0.32454768726522687,-0.019623418001074103,-0.9829414697509589
historical,Sub-Saharan Africa (West),2011,-0.2987842612193141,0.004387968312294111,-0.7586151073857618
historical,Sub-Saharan Africa (West),2012,-0.27128925474685417,0.057942079170278986,-0.7040687847091432
historical,Sub-Saharan Africa (West),2013,-0.31991683208449473,-0.006961232265979026,-0.766463207369673
historical,Sub-Saharan Africa (West),2014,-0.42384689090420835,0.05356357171429761,-0.9810547827186471
